,,,,,,,,,,,,,,,,,,,412.55162302857144,,,,,,,,,,,,,,,,,,,,,,,,,,,,,,,,,,,,,,,,,,,,,,,,,,,,,,,,,,,,,,,,,,,,,,,,,,,,,,,,,,,,,,,,,,,,,,,,,,,1865.5657060571427,,,,,,,,,,,,,,,,,,,,,,,,,,,2163.7097773758496,,,,,,,,,,2451.600713473637,2426.926589331704,,2536.2511108285717,,,,,,,,2323.5343412285715,,,,,2274.2821123820463,,,,,,,,,,,,,,,,,,,,,,,,,,,,,,,,,,,,,,,,,,,,,,,,,,,,,,,,,,,,,,,,,,,,,,,,,,,,,,,,,,,,,,,,,,,,,,,,,,,,
,,,,,,,,,,,,,,,,,,,,,,,,,,,,,,,,,,,,,,,,,,,,,,,,,,,,,,,,,,,,,,,,,,,,,,,,,,,,,,,,,,,,,,,,,,,,,,,,,,,,,,,,,,,,,,,,,,,,,,,,,,,,,,,,,,,,,,,,,,,,4147.7568035047625,3351.1148850571435,,,2582.9232850033995,,,,,2281.5855372857145,,,,2585.32975675832,2614.719496658899,2971.4185943232683,2920.2313044,3151.2411050265678,3289.15692670301,,3184.1865119578993,,,2476.1355020285714,,,,3600.0001116,,,,,,,,,,,,,,,,,,,,,,,,,,,,,,,,,,,,,,,,,,,,,,,,,,,,,,,,,,,,,,,,,,,,,,,,,2078.042540977662,3116.2147960253947,3138.232961760848,,,,,,,,,,,,,,,,,,,,,,,,,,,,,
,,,,,,,,,,,,,,,,,,,,,,,,,,,,,,,,,,,,,,,,,,,,,,,,,,,,,,,,,,,,,,,,,,,,,,,,,,,,,,,,,,,,,,,,,,,,,,,,,,,,,,,,,,,,,,,,,,,,,,,,,,,,,,,,,,,,,,,,,,,,3862.2627126285715,,,2436.4610874502687,2498.099039732506,2453.982754092595,,,,2755.2436857428575,2892.799928930786,,,2457.473238857143,2562.2165934246123,3246.250010343252,3244.805101356076,,,,3577.4616508548293,,,2886.5401390285715,,,2965.2362307722133,,,2421.8002402285715,3853.344462971428,2300.907896373936,,,,,,,,,,,,,,,,,,,,,,,,,,,,,,,,,,,,,,,,,,,,,,,,,,,,,,,,,,,,,,,,,,,,,,,,,,,,,,,,,,,,,,,,,,,,,,,,,,,,
,,,,,,,,,,,,,,,,,,,,,,,,,,,,,,,,,,,,,,,,,,1609.0834520285719,,,,,,,,,,,,,,,,,,,,,,,,,,,,,,,,,,,,,,,,,,,,,,,,,,,,,,,,,,,,,,,,,,,,,,,,,,,,,,,,,,,,,,,,,,,,,,,,,,,5390.562866175511,,,,2670.8287391746385,2800.4353457515044,3080.5613629253835,3024.29794260734,2786.787865085714,,,,,,2529.6449999714287,2250.2065107142857,2349.2981735714284,,,2991.9076072000003,,,,,3343.111026790072,,4025.542304159077,3002.4593417930405,2859.5977509884783,4135.920854885714,,,3184.1536784345053,3000.737492723711,2988.109093457143,2511.187894988036,2650.948358011803,,3405.37646169917,3323.9484163605766,,,,,,,,,,,,,,,,,,,,,,2239.3064277999997,,,,,,,,,,,,,,,,,,,,,,,,,,,,,,,,,,,,,,,,,,,,,,,,,,,,,,,,,,,,,,,,,,,,,
,,,,,,,,,,,,,,,,,,,,,,,,,,,,,,,,,,,,,,2691.6598687428573,2343.1875210285716,2343.1875210285716,1840.2973320285714,,,,,,,,,,,,,,,,,,,,,,,,,,,,,,,,,,,,,,,,,,,,,,,,,,,,,,,,,,,,,,,,,,,,,,,,,,,,,,,,,,,,,,,,,,,,5991.703040016912,,,,,,,,,4400.0001364,5151.114940857144,3458.299033714286,,7004.371410369919,,2911.313054742857,,,,,4932.7829770285725,4617.836641914286,2654.4585021983057,2851.8580570285712,2972.89612756667,2974.5665662,3480.1463700309237,2959.207358457143,,,3490.3766316550978,3464.9877218741003,,,3409.851756446021,3349.8666058485105,3805.2013907486867,,,,,,2795.706114742857,3434.020334845041,2944.1387513534282,2965.355924973151,2985.962107428572,3020.667001078071,3758.1759493962686,3066.0308306012953,,,2670.24670189279,2928.8767561569243,3447.638251101288,3157.748054042267,1436.3985813354057,1327.8282822857145,,1713.9887119094187,1701.7341567999997,1690.503768342857,1471.015735114286,,2563.0058598,,,,,,2209.744081714286,,1050.0413207428571,,972.7920569130863,920.3963951714286,,950.6559096955594,,1422.9991110377127,1257.142896114286,,,,,,,,,,,,,,,,,,,,,,,,,,,,,,,,,,,,,,,,,,,,,,,,,,,,,,,,,,
,,,,,,,,,,,,,,,,,,,,,,,,,,,,,,,,,,,,,,,,,,,,,2853.1792792,2853.1792792,3406.9365218,,,,,,,,,,,,,,,,,,,,,,,,,,,,,,,,,,,,,,,,,,,,,,,,,,,,,,,,,,,,,,,,,,,,,,,,,,,,,,,,,,5468.373414771429,,4181.007561485714,,,5304.376712742857,,,,,,,,,6357.390783371428,,6099.131190288409,,,,,5320.183480046492,,,,3907.5145720000005,3223.947251057143,3457.186857739206,3521.7176979428577,3522.4532268203284,3427.918850625526,3433.477699633637,3512.3118345846933,3589.4317731384726,3725.351065114286,3634.1395657363855,3185.30102930707,3106.523878253716,2823.876834068203,2656.9777867428575,2902.4838199190403,2987.538188174681,2636.820935048929,2539.585279694694,3455.539788269382,2349.578511721843,2445.2519337714284,3408.935515008077,3308.168798369559,1885.8216577854496,2582.222912184968,2707.612460298525,2619.3229548571426,,,2856.9422958450878,2298.2392531697014,2235.7785673279027,1636.6877179723404,1581.9983975142857,758.3815264000001,758.3815264000001,1316.9281993714285,929.1494920571431,1186.457509942857,1172.7815008551963,1065.160440989095,1109.3383982861913,1010.2395028285715,1010.2395028285715,1175.081985056571,1032.2048214285714,1026.3555114615478,818.0443610057996,,2152.2471480493036,2774.6866705282305,,4003.1963254584857,1299.9417961249342,1566.9694953142857,,,,,,,-0.0115606937415984,,,,,,,,,,,,,,,,,,,,,,,,,,,,,,,,,,,,,,,,,,,,,,,,,,,,,,,
,,,,,,,,,,,,,,,,,,,,,,,,,,,,,,,,,,,,,,,,,,,,3412.7168688000006,4186.1272974,4186.1272974,4532.9481174,4258.133905742858,3772.773938675815,3722.8737735428576,2991.0818433428576,2999.6697874571432,2732.6177560571427,,,,,,,,,,,,,,,,,,,,,,,,,,,,,,,,,,,,,,,,,,,,,,,,,,,,,,,,,,,,,,,,,,,,,,,,,,,6944.508885800002,6264.905231371429,6264.905231371429,,,5658.464254685715,5741.46607675734,6291.1888056272655,5827.140489197674,,,,9190.810873741646,7441.200480964215,4587.118226428572,7234.0098405607305,7928.001764865317,5571.0984386,5547.387296957523,6615.0291068000015,7213.911661186125,4924.917390814573,6193.991418138231,5335.255204228548,5313.790420714286,3726.3247839917944,4627.085197114286,3741.7218494716617,3806.4352395623687,3972.524791739869,3761.3398787467895,4081.3635840276684,3773.8099944520836,4060.690659950777,3906.106696600676,4079.6612583896826,3832.2045873140682,3893.101547767802,3378.365206834921,2866.4777170027564,2872.984740816505,2948.4615744648468,2942.3892269077182,2349.4498212642106,2436.2857523376883,2363.5319274447797,2208.1666600680137,1966.4383191701443,2267.1356568634537,2165.872026164001,2165.1434144611485,2094.743381357569,2264.1117093125636,,2490.1734876000005,2635.504261386651,2606.110733142857,1530.3055800571428,1530.3055800571433,1146.1602337142856,1146.1602337142856,943.6829359428572,1458.4641244857141,1552.1057458857142,1084.0627916571427,838.6457733142857,1185.6317460857142,797.3575804571428,797.3575804571428,517.0933273428572,517.0933273428572,870.3980832399609,641.9594110270908,827.4342488285635,558.8158848284764,,1045.9405168600701,,,,,,,,,,,,,,2512.3039589714285,2092.485614,,,,,,,,,,,,,,,,,,,,,,,,,,,,,,,,,,,,,,,,,,,,,,,,,,,,
,,,,,,,,,,,,,,,,,,,,,,,,,,,,,,,,,,,,,,2761.6846438285716,,3726.84220657026,3312.882018471428,,,3172.2331966248657,3844.980541829981,4151.775520942857,4424.940835500016,3538.7284334,2995.4770608722947,5015.070483745816,3560.3634464571433,3590.428617032167,3298.332241129732,3284.558318171429,,,,,,,,,,,,,,,,,,,,,,,,,,,,,,,,,,,,,,,,,,,,,,,,,,,,,,,,,,,,,,,,,,,,,,,,,,,,,,6777.074407978168,6835.057593992234,7062.593117371429,7303.227091318814,7108.113997236062,7134.234668445441,7071.511367028572,,8362.188028104614,6860.280972371429,,7396.697173971429,7825.103463057143,7740.380091314286,7413.707909428572,,5726.7918463994065,6604.6244822,5996.270553023351,5136.391987684552,5130.8011499714285,4140.003438824584,4142.17737392935,4088.1917039428577,4088.1917039428577,4125.525547061691,4054.558302359828,4040.792858542858,4040.792858542858,3843.42177145442,3845.6488167567322,3513.2949066,3524.360142285714,3420.974507371429,3584.4415159224113,3120.445179101297,3106.9166085135325,2753.7573107999997,2753.7573107999997,2435.1776147142855,2687.778778614286,2042.6094770285713,3209.919263859604,1787.6135979428575,1787.6135979428575,1941.7011336857142,1941.7011336857142,2285.879509342857,2045.5606308399088,2381.668116771429,2391.7424358285716,2465.0817417537705,2855.4017087708135,,,,1279.1082147142859,794.2196778,794.2196778,1506.6323319484536,1124.1949151142858,967.7952405714287,1022.5681695250146,797.1924276857144,662.9232245142857,,,297.4401413428572,297.4401413428572,622.5820010366671,,-0.0115606937415984,-0.0115606937415984,,,,,,,,,,,,,,-0.0115606937415983,,-0.0115606937415984,,2710.4872846857147,,,,,,,,,,,,,3041.6020764137443,,,2981.8332881428573,2968.7862192,,,,,,,,,,,,,,,,,,,,,,,,,,,,,,,,
,,,,,,,,,,,,,,,,,,,,,,,,,,,,,,,,,,,,,3522.5434618000004,,,3789.2161983368264,2886.953020957143,,3000.4955513142854,,3325.4548501299855,3326.8804467550653,4092.339916694693,4141.780321098773,3455.6005722269783,3602.5697552178963,3803.631336591384,3809.5271845582424,3526.1234436102263,3507.0191012857135,2736.7050368305736,2736.4052025661863,2650.3716758857145,2657.661682278455,4090.3694222490317,,,4108.6706476,,,,,,,,,,2731.9571449714285,,,,,,3444.9216592285707,,,,,,2555.7391378571424,,,,,,,,,,,,,,,,,,,,,,,,,,,,,,,,,,,,,,,,,,,,,,,,,,,5285.171734901204,7679.0448684659195,7769.591105042143,7860.8729932266515,7601.226517069089,7957.824452279037,8195.702213905186,7855.908428368783,6397.357754057142,4625.598822171429,6513.420812210915,6746.325560085715,7062.593117371429,7153.7574472,7257.638540428572,6801.486585742858,3310.136477336599,6259.290037142857,4782.824260571429,4245.2519895714295,4390.916733971429,4403.392789623499,4144.839104542857,4144.839104542857,3894.632655828572,3894.632655828572,3493.4765740285716,3888.7346108308084,3359.5376764000007,3359.5376764000007,2995.045509857143,3190.9166967714286,2803.055413071429,2933.7738316571426,2730.3056172571437,2410.9001573142855,2175.7226108,2159.7027919714287,2037.820046657143,,,,,,,,,,,,,,,,,,,,,581.6680609714286,419.3228866571429,419.32288665714293,,,,238.31544917142858,64.90503917142857,64.90503917142857,471.01570411428577,,,,,,,,,,,,,,,-0.0115606937415984,-0.0115606937415984,2397.0273245142857,2947.816594281722,,,-0.0115606937415983,2541.0405412,2571.083858946759,,2528.819236114286,,,,2652.056722633655,,,3244.7831623044303,3246.1933082507694,3369.97041247763,3361.189204114286,,,,,,,,,,,,,,,,,,,,,,,,,,,,,,,,,
,,,,,,,,,,,,,,,,,,,,,,,,,,,,,,,,,,,,,6007.68975724839,,6744.16620220912,5080.009978498292,4023.94468732815,4167.517774648549,,5282.411394142858,3626.006450845081,,3620.6442080285715,3739.2868483318794,3660.2064476540086,3698.45618707942,4479.1620187345225,4076.647247128999,5500.565555697319,4356.641780211653,3955.830592892065,3913.3334854875548,3568.319448489953,2904.5655570821727,3351.7754961428573,,4754.28890850613,,,,,,,,,,,4013.5426512571426,,,,,,,,,,,3618.992680314286,,,,,,,,,,,,,,,,,,,,,,,,,,,,,,,,,,,,,,,,,,,,,,,,,,,6354.362126695858,6334.9337962239215,5834.223174622921,7039.793208026273,7360.577266814269,6377.313781431585,6231.296048448292,5073.493138285715,7537.0770296857145,3027.5748254817004,5291.931350397325,,3746.8977214388437,3565.3122492531293,6867.052236,7030.0580214,6795.332049188424,,7026.085998328982,6331.841504417357,6483.072042428573,4569.446879885714,,4722.333333694728,4650.041432342858,4359.372554628571,4090.421266357143,3066.8869654285713,3494.137185114286,3067.2172709714287,3198.5137242571427,3011.230481457143,3011.230481457143,3196.366738228571,3127.3475737791,3140.4607966085887,2636.4988430857147,2203.3031236285715,,2197.1924710857143,2197.1924710857143,,,,,,,,,,,,,,,,,,,,,,,,,,86.04459391428573,6.606110857142857,,5031.049990423054,,,5341.205780771429,4567.134741085714,,,,,,,,,,,1583.815078,,,,,,,,,,,,,,,3215.912008635681,3197.0273493142854,,3175.2607833964666,3006.7527807753277,3908.5537962328463,3117.473570945699,3741.9625303422727,3383.598819623065,2888.521972285714,2977.5393160857143,,,,,,,,,,,,,,,,,,,,,,,,,,,,
,,,,,,,,,,,,,,,,,,,,,,,,,,,,,,,,,,,,,6632.303554318288,,6046.156072872436,,,,3277.787054542857,,5363.996863228573,,,3871.8415733714282,,4705.216868334945,5165.648384742858,5401.569118728572,,5654.996046485714,,5212.7169246,4600.481855244768,4578.206535648001,4282.486438045599,4255.763037467505,4388.271212560174,4410.803149421954,4385.796998057142,4656.60034070885,4627.137902381337,,4494.182491592161,,,,,4431.359858905438,4583.484865457142,,4363.831679457143,4446.642457538203,4359.6981975599465,4272.855365926714,,4167.630187000001,,4242.444392457143,,4148.952352166687,4115.276758457143,,,,,,,,,,,,,,,,,,,,,,,,,,,,,,,,,,,,,,,,,,,,,,,,,,6464.458579517433,8434.802149377809,7695.728792490451,8039.083723365722,7579.907262476766,8533.470610772261,,10018.184324570984,8135.534247110981,6543.754683867147,5853.558694684026,,,7737.077035885713,8105.3677161714295,8105.3677161714295,8251.966446647193,8441.6187588,7315.111704885716,,5999.835033228571,5999.835033228571,4806.1108013428575,4392.964464396707,,,,2963.749059671429,3972.6673403285713,3258.0733600921567,2975.640059214286,4069.499192332092,3060.611160114286,3060.611160114286,2766.6392269714283,2891.3295694,2514.1206394571427,,,,,,,,,,,,,,,,915.9989295676002,,710.4872226857143,,,,,,,,,4915.606763262094,5763.847086698673,,,,,,,,,,,,,,,,,,,,,,,,,,,,,,,,,3037.0894345629176,4157.984991919296,4043.5669311558718,4607.035175818225,3810.9370390536224,3929.0299269410384,3768.0535016612557,3354.4179404857146,3399.179779534536,2775.2271710857144,4002.051924872516,,,,,,,1994.550020542857,,,,,,,,,,,,,,,,,,,,,,
,,,,,,,,,,,,,,,,,,,,,,,,,,,,,,,,,,,,,7565.203911277654,,8231.03896250217,,,,,4694.636733777945,,3243.6004308571432,5138.728483,,,,,,5139.389094085715,5450.225850976225,5204.011163424918,5083.228986994151,5025.5413984813185,5398.5030137754775,5102.132677156262,4776.890668031277,4646.316342092028,4625.856419656281,5113.460108971429,4590.414174338244,4673.110108193008,,4859.257687891247,4625.9347231890515,4690.331179267777,,4958.026317818879,,4999.679132984096,4998.298216997732,4936.309063283381,,4817.312044728588,,4768.633826177095,,,,,,,,,,,,,,,,,,,,,,,,,,,,,,,,,,,,,,,,,,,,,,,,,,4297.7400672853,3617.3883529245854,3324.48763402536,3383.289736019091,3630.515719482503,4052.7512674319396,6610.04831442534,8441.935055655355,6684.8419107052805,6644.311045228495,,8426.322686824356,,,,3585.6735082400137,7674.544893176593,7299.605102265119,,,4011.0277048539315,8464.244688485715,8870.5205062,8870.5205062,8303.385889114286,8303.385889114286,7627.01509579241,7833.894727789756,7099.205770278542,,,,,,,,,,,,,2176.790323467415,4859.3308043888655,5609.459879500543,2987.315616178549,,,,,,,,,,,,,,,,,4804.373335982241,,375.2270966857144,,,1741.0840280054804,38.97605405714286,6370.899484265661,345.99505614285715,1952.3534874428572,-0.0115606937415984,1717.9191284,,,,,,,,,,1.8166804857142855,,,,,,,,,,,,,,,,,,,4049.3808026571432,4013.94727546217,4573.877289331119,4068.043065828572,3507.349406828572,3384.508892552341,3210.2395710285714,3665.5399160881466,3651.3993848407385,3971.4737357430563,3650.2418697803496,,3716.2676626857146,,,,,,2340.7102294571428,3591.966464413155,1376.459993124558,3251.692916657143,3251.692916657143,,,,,,,,,,,,,,,,,,,
,,,,,,,,,,,,,,,,,,,,,,,,,,,,,,,,,,,,,,,9501.927168627204,,,,,,,,,,,4009.7441375142857,4991.081905342858,4271.90743057915,5526.822555050408,5505.56193310999,5579.947605922775,5490.767287238602,5235.593409493663,5179.389363626,4932.731916223063,5093.406557963633,5070.616049940995,5066.129984287574,5130.56165354132,5128.109958580085,5274.412181149915,5256.917582613277,5172.7720372597,5337.611398090991,5603.015184517573,5612.82344809607,5263.069286326321,5264.9519532157055,,5073.210780321905,5358.092651485983,5324.773993284642,5322.213212057143,4990.322391654399,4936.291280868459,,,,,,,,,,,,,,,,,,,,,,,,,,,,,,,,,,,,,,,,,,,,,,,,,,5234.155679332008,4746.493783572479,6328.198202897807,5689.579048984131,6529.938298671784,7525.141691151246,3754.0966718308946,5504.134023844703,3187.038967418954,,,,,,,,,4273.9942915490465,5854.479882141854,2788.686060492834,,,,4681.585611685715,8383.693515261162,8321.475233800855,,8159.5378252,8136.306096878031,6970.988380152382,,,3774.397584663991,5926.342049942857,6084.228099428572,5212.82702644762,,,,,7147.426590961905,4028.3180439531297,3489.1324871805805,6706.20503175487,4427.847894983164,3971.924152857143,,,,,,,,,,5112.1671226653125,,,,,,6751.440924830235,6498.12775261369,,1881.8212284558206,1148.1420669714284,1936.2510922285715,5009.355071363119,,,5731.7001224161395,,,5644.245699237139,180.3468264,,,,,,,,,,,,,,,,,,,,2149.4633201428574,2149.4633201428574,3459.2675645880176,4400.349503896139,3564.8225712857147,1782.4055052959864,1986.8122115590884,4229.489298700917,3888.614554840391,3843.0753744717003,4803.234891770417,4499.792334389943,3249.215831110763,3772.9133484280374,3700.7486209225176,3885.7044095281526,,,,,,,,,,,,,,,,,,,,,,,,,,,,,,,,,
,,,,,,,,,,,,,,,,,,,,,,,,,,,,,,,,,,,,,,8290.962700567869,5719.0753218,10524.690664828571,,,,,,7687.531204457143,6991.7425784285715,,6021.4700462857145,,,4136.002790653952,5549.396010043462,5592.121702428604,6060.44044027726,6014.6505542195855,5888.51283556298,5907.070595465451,6063.707918878702,6057.11741496192,5900.214153318115,5920.643560539825,6373.13431554044,6371.86300171233,6606.4339852900985,6530.411109978969,6392.429071392057,6392.245286631101,6213.772900823881,6288.522077685715,6009.083588428572,6011.39093027333,6060.941558657142,6066.609064784732,5939.887523582717,,,,,,,,,,,,,,,,,,,,,,,,,,,,,,,,,,,,,,,,,,,,,,,,,,,,,,1920.8504229667947,2627.0144497282176,2056.283620524482,4921.685959503229,6292.496217959548,6032.804244228704,1615.9239760340774,,,1242.2551047513107,,,,,2899.774194491532,,,,,,1818.8197646136962,,,5023.2027771421945,10051.54162172229,,,,4474.7003864449425,6868.776600796628,7070.116670990693,7244.5088951,7215.937465642857,7608.918485257143,7506.523766971429,7876.549941179001,6312.611749418693,7234.371428631001,7658.351304118224,6340.380047914285,6134.599694714286,8546.884625098071,,6946.655871828571,3420.638419659969,6335.277308418215,,,,,,,,,,,,,,,2583.3557970240827,,,,6394.054306353741,2943.848150714286,,2180.0165828571426,5688.522059085714,,,,,,,,,,,,,,,,,3589.0971429223823,,,,,,,4206.345927434378,,2550.7256619587915,3167.1312560717292,1792.5624007388437,5168.782677517888,2397.104120553129,5477.840588509758,4755.048427156383,4895.2816631603255,,,3224.4369640386,,,3819.240938989489,3527.566260998049,,,,,,,,,,,6124.648904802691,6127.002667228573,,,,,,,,,,,,,,,,,,,,,,
,,,,,,,,,,,,,,,,,,,,,,,,,,,,,,,,,,,,,,1908.5501633710403,2548.5716885668885,5015.607091900001,8520.066325228572,,,,7769.116673542857,,,2897.605374714286,3998.348596285714,,12407.101953571428,,,10215.439803059593,6284.432314237553,6424.937414924087,5998.823253515287,5852.4894807478095,6536.841475096003,6584.474029079629,7065.445694181731,7061.576747139243,6857.248721673375,6770.276720050959,6712.770120506239,6888.810790133652,6872.099806422208,6832.076915621836,6910.693860643965,6689.5130067142845,6465.4006958857135,6583.080138821038,6481.846823122707,6460.129695510374,6415.539418322293,,,,,,,,,,,,,,,,,,,,,,,,,,,,,,,,,,,,,,,,,,,,,,,,,,,,,,1003.0947850253345,1975.9491942025038,2052.2169473740123,2506.671687042138,3142.80691180501,2034.9717093156387,,,,,,,,,,,,1237.1869294902017,3235.288824491154,,,,,,4200.953272002173,5531.483288855201,-0.0115606937415984,,3979.8964911114062,2972.1110197436046,6546.986164971429,6630.553467314285,7851.858212028571,10615.867015366293,8295.359053848248,,6275.687801971728,9397.809953787471,5923.6996056,5877.4568296,8613.83184137628,,4095.788731428572,,3451.9427158055196,3608.2577501714286,,,,,,2589.1825740714285,2487.425666583108,4732.429176629248,8586.388395977938,8469.409262373623,8815.28442599324,,,9008.481200457229,,7547.869948382049,2533.553615561905,3686.2693056420135,,,,5840.4626087999995,4493.56174625114,,,,,,,,,,,,,,,,,,,,,2004.2940340571427,,,2400.495532714285,1478.68933099308,3812.303999271429,2877.952194914286,2290.8283121388436,4516.36437798731,4880.519038698782,5173.582785345779,5121.063269729721,5394.534014182742,,5593.474500112331,,,,,3846.4080465714287,3806.771381428571,,,,,,,,,6647.949559238095,7498.530521015114,,,,,,,,,,,,,,,,,,,,,,,
,,,,,,,,,,,,,,,,,,,,,,,,,,,,,,,,,,,,,,,8995.47080997522,8996.713637604887,,,11462.26294822857,,,,,,,,3493.553370067415,,12238.315821171429,,6907.5876379413285,6783.931321952518,5748.722214197481,5874.801273240154,7198.201454598094,7011.942828321936,6858.79459742857,6881.624794881501,7151.87794363459,6677.218863187306,6610.881766246107,6659.018171466117,6946.669014930285,6753.351851107319,7727.333022371428,6987.049407382394,7073.320249220489,8358.216609228573,7644.088223395407,7547.316224986907,,,,,,,,,,,,,,,,,,,,,,,,,,,,,,,,,,,,,,,,,,,,,,,,,,,,,,,,,368.06276946131516,,,,,1239.3481279447913,850.6312402425034,856.6435718354195,1408.9144394925625,1941.7837100714285,2387.778769314286,1481.7468116925622,2511.8910770428574,645.4982602191109,,,,,,,,,,,,,,,,,,,,,5128.654163942857,4730.388255642858,3728.0987353761575,1921.057037257143,,,1864.8674401396465,3590.090945314286,4948.637643085714,4702.064555342857,5847.873107304999,8097.441934043933,11368.790617612689,5576.8721247139865,,,588.2741718285714,8489.073893360446,2670.4767565586103,956.9452468335778,,6744.13488879664,4233.675799854744,619.8183511714286,,819.1131220082274,5180.590613454552,,1384.9682510265648,,,,,,,,,,,,,,,,,,,,,,,2976.913844034216,,1952.4117211566838,4343.082001074236,2142.934005324558,3538.91705819797,5334.247854858432,5314.440213178565,5097.948592519078,4891.247041962217,4876.796187514285,5710.543888977642,5600.925475263791,5380.626385354257,4623.580257633343,5268.27476937424,,,,,,9747.51696552665,7851.858212028572,7391.75200059521,,,,,,7795.210811428572,3897.599625367415,8411.726107171427,8990.087119694508,,,,,,,,,,,,,,,,,,,,,,,
,,,,,,,,,,,,,,,,,,,,,,,,,,,,,,,,,,,,,,,,,1354.3551204327437,4458.460642567004,,-0.0115606937415984,7697.4476314957665,4219.0182975939,,,,7229.562569285714,,,9983.307823605946,11820.683460762193,6990.614167570061,7439.363337982592,6925.459165177211,6955.033880652678,7201.019733716756,7670.850774542857,8571.26368437143,7459.620379885715,6861.541090089535,7619.161894552085,8192.555128007896,8054.76681891212,8284.998089089433,7855.9870313142865,7691.188302441029,9434.021762314285,6459.147828967178,6471.376578140621,5270.272665442857,,,,,,,,,,,,,,,,,,,,,,,,,,,,,,,,,,,,,,,,,,,,,,,,,,,,,,,,,904.7245884586658,759.7565926098114,559.6713633449433,,659.6201690857143,,,2892.519295346034,7633.691400971428,,,,-0.0115606937415984,,,,,,,,,,,,,,,,,,,,,,-0.0115606937415984,8652.661432930874,,,,,,-0.0115606937415984,1492.0316248602167,2985.893622955255,3865.8080852020357,6911.23176287964,4408.863580457494,9021.169937576735,,,,899.5045695857143,,,,927.9934226571431,3954.793361662696,3069.9379459462375,445.4170245428572,4767.355375217024,5187.989951748423,877.5392509857144,778.1998589714285,,504.53593636741493,,,,,,,,,,,,,,,,,,,,,,,,,,1588.1032697102721,2362.8349204817005,2312.740506597324,3868.4456546684864,2031.9107617227378,4731.131443114286,5119.028815476266,5068.538555142857,4801.727881705717,6148.16375717824,6500.198046775344,6880.45429488552,,,,,,,,,5858.136318483922,,8754.087802342858,,8586.898146733334,,,,,,,,,,,,,,,,,,,,,,,,,,,
,,,,,,,,,,,,,,,,,,,,,,,,,,,,,,,,,,,,,,,,,,,,,,,,,,,,,7722.791321157143,9889.67426602434,8911.643546285715,13242.279518685715,7952.19769844786,7089.3708182095215,4170.97356141239,7000.673532559843,,3574.5124624078385,6264.1620439,6264.162043899999,6549.133151,6496.053662014699,6392.460769585517,6689.342617378828,3641.2350487957656,3200.7449309884555,,,,,,,,,,,,,,,,,,,,,,,,,,,,,,,,,,,,,,,,,,,,,,,,,,,,,,,,,,-0.0115606937415984,507.2865820310158,246.56730739598638,,644.0958085714286,,1122.3782346285714,,,,,,,,,,,,16.217589272550942,,,,,,479.1004827851246,,,,,,,,,,,,2422.1218752511227,,,,,,,-0.0115606937415984,-0.0115606937415984,1894.8924220495987,8.9508673296938,,352.2635073037905,9735.067053126762,,,,,,,,9286.7054902,4893.793693181992,5841.535229914119,9026.129788769435,6189.382183671613,2851.8026279089604,117.01073855714289,54.65978699598635,211.92362341540814,1561.7172243011225,1554.574366936837,-0.0115606937415984,5232.036908683707,9450.65715585957,,,,,,,,,,,,,,,29.806526685940568,,,-0.0115606937415984,264.48638309598635,269.8538481674149,1761.8439852531292,1718.5739591388437,3605.5303367328634,2468.659448947993,1950.778755767415,4023.012316433887,4159.88170708,4014.234419712437,5237.647160517815,5293.995408566547,6514.089362504725,6514.145341882405,6755.875542842223,6482.581566932842,,,,,,,,9149.068364262608,,,,,,,,,,,,,,,,,,,,,,,,,,,,,,,
,,,,,,,,,,,,,,,,,,,,,,,,,,,,,,,,,,,,,,,,,,,3591.20008694716,,,,,,,10024.422581290195,,,,,,8943.793285790474,4008.069932424731,4041.6764052998233,3585.7493034939544,3555.486438015963,3233.7283974839893,2968.4172445024087,3844.5324615973245,,,,,4191.839564445799,2652.605244436858,-0.0115606937415984,,,,,,,,,,,,,,,,,,,,,,,,,,,,,,,,,,,,,,,,,,,,,,,,,,,,,,,,,,1849.6644045340097,,1834.9460214058915,,,,,,,,,,,,,,,,,,,,,,,,,,,,,,,,,,,,-0.0115606937415984,,,,,,,,,,,2090.9166626714286,8246.368871828383,10579.247848191979,,10554.749806744814,,,,,,676.6309045428573,1151.606421606848,542.2791249857144,542.2791249857144,377.62181187142863,-0.0115606937415984,1950.7758655939797,1950.7758655939795,1556.3933298949896,981.2774303888028,-0.0115606937415984,-0.0115606937415984,3171.7560851122794,3700.1623772979933,,,,,,,,,,,,,,,,,,933.5344749457032,4737.242095657143,2426.758437124523,1504.7165553328857,1803.2739229421938,3689.402811866666,1861.8439883531296,3980.695253491975,4143.390713388944,4841.19658822772,4922.407195438837,5659.593992500229,5856.2346984714295,6098.544294706472,5833.195886857143,-0.0115606937415984,,,,,,,,,,,,,,,,,,,,,,,,,,,,,,,,,,,,,,
,,,,,,,,,,,,,,,,,,,,,,,,,,,,,,,,,,,,,,,,,,,,,,,4504.288331210272,1565.6424927959863,,6622.61104330196,8469.119919699357,,,,3162.422063353129,4035.502189510272,3078.740531420771,2083.623555563036,,,,,,,,,,,,-0.0115606937415984,,,,,,,,,,,,,,,,,,,,,,,,,,,,,,,,,,,,,,,,,,,,,,,,,,,,,,,,,,,,,,,,,,,,,,,,,,,,,,,,,,,,,,,,,,-0.0115606937415984,,,,,-0.0115606937415983,,,,,,,68.36746702455778,,,,,3815.2995044227723,1963.859723999269,3032.9882563024275,,3652.6084741631444,-0.0115606937415984,,10262.975642398007,8884.866699211807,,,,276.13543382857137,-0.0115606937415984,-0.0115606937415984,,,1820.3877525511225,332.69447769598634,488.2118674205891,1205.8173328746811,-0.0115606937415984,-0.0115606937415983,-0.0115606937415984,1268.268190737561,2563.066900136411,2592.9796597425347,4090.3346695602045,,-0.0115606937415984,-0.0115606937415984,,,,,1427.1913461973243,,,,528.0702062959864,,893.9758175548192,4189.465860674557,3999.3244657073506,6321.552631971429,3287.5450406107934,5155.684167533334,5155.684167533334,4117.919202800001,4375.182028305821,4786.347519695239,2531.0759421720068,2880.52340044808,2932.721691834674,5441.948971342857,3445.9336128076043,,,,,,,,,,,,,,,,,,,,,,,,,,,,,,,,,,,,,,,
,,,,,,,,,,,,,,,,,,,,,,,,,,,,,,,,,,,,,,,,,,,,,,,,,,,5232.780096155136,6061.408831047882,,3671.0925993531296,,3068.367560024558,1608.6361803555255,,,,,,,,,,,,,,2263.2458725279816,,,,,,,,,,,,,,,,,,,,,,,,,,,,,,,,,,,,,,,,,,,,,,,,,,,,,,,,,,,,,,,,,,,,,,,10.569777371428572,,,,,-0.0115606937415984,,,,,,,,,,,,,,-0.0115606937415983,,,,,,,,,-0.0115606937415984,,,,,,,,,,,,,,,,,556.3996869428571,-0.0115606937415984,,1777.612310179716,178.35921279598637,494.1897493741241,163.0825814388435,88.1582198802442,642.886418113641,-0.0115606937415984,-0.0115606937415984,-0.0115606937415984,-0.0115606937415984,-0.0115606937415984,-0.0115606937415983,-0.0115606937415983,-0.0115606937415984,-0.0115606937415984,-0.0115606937415984,-0.0115606937415984,1573.6524022102722,1573.6524022102722,2376.9554824388433,,-0.0115606937415984,,5202.807758314286,,2107.421835519434,2896.893438552388,5307.432039014287,2999.797285396789,4272.9092984388435,5376.817896889675,3190.767441658653,7664.968264165343,6270.751853130588,4263.085598712279,2658.2473361702714,3093.197453444943,3125.732549416372,3302.996524083039,2485.472885075251,2621.542281682372,2905.7757837668064,,,,,,,,,,,,,,,,,,,,,,,,,,,,,,,,,,,,,,,,
,,,,,,,,,,,,,,,,,,,,,,,,,,,,,,,,,,,,,,,,,,,,,,,,,,1744.5029442531293,,3397.7289416903773,3694.4617165102727,,,2848.0537629388436,2659.862179895986,,,,,,,,,,,,,,,,,,,,,,,,,,,,,,,,,,,,,,,,,,,,,,,,,,,,,,,,,,,,,,,,,,,,,,,,,,,,,,,,,,,,,,,,,,,,,,,,,,,,,,,-0.0115606937415984,,-0.0115606937415984,,,,,,,,,,,,,,,,,115.84888881027206,,,,,,,,,,,3126.3576535288967,505.9726842641607,439.7709417066799,807.6476146679606,637.6400468321706,-0.0115606937415984,-0.0115606937415984,-0.0115606937415984,-0.0115606937415984,-0.0115606937415984,-0.0115606937415984,-0.0115606937415983,-0.0115606937415984,1162.7803109470472,-0.0115606937415984,428.3231818581669,1312.4205875106557,1218.197739242592,2098.5802987523534,3146.0451568388676,,-0.0115606937415984,1884.9711567,,1813.5379587796463,2654.2990693224656,3309.656915151074,3443.801097674558,4320.998207168754,5733.773918457144,5536.829238528571,5289.182657771429,-0.0115606937415984,-0.0115606937415984,3523.805779483039,2938.063950149705,2898.8126414735148,2915.1077149211337,-0.0115606937415984,-0.0115606937415984,1218.5995423184581,,,,,,,,,,,,,,,,,,,,,,,,,,,,,,,,,,,,,,,,,
,,,,,,,,,,,,,,,,,,,,,,,,,,,,,,,,,,,,,,,,,,,,,,,,,,,2316.579630755927,2304.813173568753,2951.6045506245578,2908.995135595987,2852.182582224558,-0.0115606937415984,2813.2409720578057,,,,,,,,,,,,-0.0115606937415984,,2609.4372689223887,1976.7903172674148,,,,,,,,,,,,,,,,,,,,,,,,,,,,,,,,,,,,,,,,,,,,,,,,,,,,,,,,,,,,,,,,,,,,,,,,,,,,,,,,,,,,,,,,,-0.0115606937415984,,,,,,,-0.0115606937415984,,,,,-0.0115606937415984,,,,,,,,,2433.285628482787,1185.4494980550921,,,,,,,,,616.4903515318961,571.2045638312012,1921.264649304452,903.5568742500944,-0.0115606937415984,1105.4244664399062,2349.6243840081233,-0.0115606937415984,-0.0115606937415984,1028.8783409540238,751.3567532674149,-0.0115606937415984,868.1197626674148,1826.751079243684,1530.6901280881652,1141.8334135545722,1734.126602273083,1827.3938427916319,-0.0115606937415984,,1504.8444543597957,3426.870460717474,,2676.724453995809,3418.4972158,3061.3128342298496,-0.0115606937415984,6476.48346316544,7939.6369100428565,-0.0115606937415984,-0.0115606937415984,-0.0115606937415984,-0.0115606937415983,-0.0115606937415984,1855.6063584000115,956.7694771891853,,,,,1495.865446867415,,,,,,,,,,,,,,,,,,,,,,,,,,,,,,,,,,,,,,,
,,,,,,,,,,,,,,,,,,,,,,,,,,,,,,,,,,,,,,,,,,,,,,,,,,,,-0.0115606937415984,3082.02211591161,-0.0115606937415984,,3553.681819707675,-0.0115606937415984,,,,,,,3406.2701303674153,1215.7855638903065,,,,,,,,,-0.0115606937415983,-0.0115606937415984,,,,,,,,,,,,,,,,,,,,,,,,,,,,,,,,,,,,,,,,,,,,,,,,,,,,,,,,,,,,,,,,,,,,,,,,,,,,,,,,,,,,,,,,,,,,,,,,,,,,,,,,,,,,,,,,,,,,,,,2219.214681712394,767.5994466699302,748.5491561531293,941.8604751102721,941.8604751102721,963.8743689372326,1659.4896979925154,2420.7299397853267,987.6903691817008,1714.4611160358238,859.1063257482904,819.0693895531293,,,,,-0.0115606937415984,853.5037423959864,1235.9852624795922,-0.0115606937415984,,,,-0.0115606937415984,,1532.6719046788535,2020.1267869909107,,,,,,,,,,,,,,,,,,,,,,,,,,,,,,,,,,,,,,,,,,,,,,,,,,,
,,,,,,,,,,,,,,,,,,,,,,,,,,,,,,,,,,,,,,,,,,,,,,,,,,,,,-0.0115606937415984,1514.5277100388435,-0.0115606937415984,2255.843450057891,3605.611452263991,-0.0115606937415984,,,,,916.1792191531292,-0.0115606937415984,,,,,,,,,,,,,-0.0115606937415984,850.1181105817006,666.4951004429462,-0.0115606937415984,,,,,,,,,,,,,,,,,,,,,,,,,,,,,,,,,,,,,,,,,,,,,,,,,,,,,,,,,,,,,,,,,,,,,,,,,,,,,,,,-0.0115606937415984,,,,,,,,,185.95624028170062,,,,,,,,,,,,,,,,,,,,,,,,,494.62677008170067,1453.8454416087586,1301.7014407929523,1095.4525525388435,1961.204488984497,1623.8620155266765,,,668.119756467415,1133.4404760092775,,,,,,,,756.3939127959864,1618.2321912179978,809.490528810272,,480.29687698683676,-0.0115606937415984,2970.885773901251,3582.4718967969584,,2443.5671902735417,,,2270.1432703299843,,,,,,,,,,-0.0115606937415984,,,,,,,,,,,,,,,,,,,,,,,,,,,,,,,,,,,,,,
,,,,,,,,,,,,,,,,,,,,,,,,,,,,,,,,,,,,,,,,,,,,,,,,,,,,,,,,1357.6325771817005,-0.0115606937415984,2484.279185187801,-0.0115606937415983,,-0.0115606937415984,-0.0115606937415984,-0.0115606937415984,-0.0115606937415984,,,,,,,,,,,,,,,,,,,,,,,,,,,,,,,,,,,,,,,,,,,,,,,,,,,,,,,,,,,88.18579959598634,88.18579959598634,113.94963193884348,47.723370595986346,82.57060536741493,126.17093702455777,,,,,,1648.4716403707446,,,358.9537683531293,,,,,,,,,,,,,,,,,,,,,,,,,,,,,,,,,2523.3267381796763,537.4013378817007,,,,,,,,,,,,,,,,,,,,,,,,1160.7540512468063,1082.9802208141612,1644.6958507108327,1267.7797450497726,1336.2506435507223,1764.9724337971497,1502.090511062395,,,,,,,,,,,1113.8828892218928,841.1172845388435,-0.0115606937415984,835.0892083817007,835.0892083817007,975.2213349388434,2187.525754902159,1631.8087559129854,,-0.0115606937415984,,,,,,,,,,,-0.0115606937415984,-0.0115606937415984,,,,,,,,,,,,,,,,,,,,,,,,,,,,,,,,,,,,,,
,,,,,,,,,,,,,,,,,,,,,,,,,,,,,,,,,,,,,,,,,,,,,,,,,,,,,,,,,,,,,,3440.24012436473,-0.0115606937415984,-0.0115606937415984,-0.0115606937415984,-0.0115606937415984,-0.0115606937415984,,,,,,,,,,,,,,,,,,,,,,,,,,,,,,,,,,,,,,,,,,,,,,,,,,,,,,,213.69774776640716,285.04790313884354,282.48803518170064,233.68539122455778,,,347.39307435312924,,,,539.4657475245579,,600.3245437959864,,588.1032387102721,600.4071201817006,600.4071201817006,,638.0619520674151,671.1750827388435,671.1750827388435,738.3096843245577,,,,,,,,,822.2898685959864,,,,,,,,,,2152.9767474371097,2097.886680401577,,404.53593326741486,-0.0115606937415984,155.67630540417227,,,,4706.53883012158,,,1010.7138522907451,894.0487477817006,,,,,,,,,,,,,,,,,,,,,1242.772199637556,1150.1092451623983,1237.2279537139887,1317.8335557891824,,,,,,,,,,,,,,,,706.600352210272,2366.4186815257626,955.1552732102721,955.155273210272,1075.7098734996202,1108.4871020313085,950.9543054421017,-0.0115606937415983,,,,,,,,,,-0.0115606937415984,-0.0115606937415984,,,,,,,,,,,,,,,,,,,,,,,,,,,,,,,,,,,,,,
,,,,,,,,,,,,,,,,,,,,,,,,,,,,,,,,,,,,,,,,,,,,,,,,,,,,,,,,,,,,,,,,,-0.0115606937415984,-0.0115606937415984,-0.0115606937415984,-0.0115606937415984,,,,,,,,,,,,,,,,,,,,,,,,,,,,,,,,,,,,,,,,,,,,,,,,,,,,,,,492.1494785102721,485.5433676531292,-0.0115606937415984,,,512.9587277102721,822.5375977531293,822.5375977531293,936.2452808817006,810.9769037531294,846.9802079245579,544.7506362102721,542.9339557245578,840.4566734531293,598.8381688531292,598.8381688531292,653.9991945102721,960.8530438245577,668.2023328531293,691.9186505461565,708.1693035388435,742.6036563817006,738.3096843245578,738.3096843245578,,,,684.0569989102721,752.4302462817006,1170.1841816102722,1107.6738576245577,,,628.4830913245579,731.2906915388435,731.2906915388436,572.6614545817007,516.5920886817007,488.4335411531292,1174.181474020716,717.252705967415,-0.0115606937415984,,1466.3472791479933,1552.1746650978366,,,,-0.0115606937415984,,,,,,,,,,,,,,,,,,,,,,,,,809.490528810272,1936.937806543878,1078.5304195165036,2058.139579238969,,,,,,,,,,,,,,,,,,857.3022561388435,-0.0115606937415984,-0.0115606937415984,,947.4756693388435,1057.1798255348378,,,,,,,,,,-0.0115606937415984,,,,,,,,,,,,,,,,,,,,,,,,,,,,,,,,,,,,,,,
,,,,,,,,,,,,,,,,,,,,,,,,,,,,,,,,,,,,,,,,,,,,,,,,,,,,,,,,,,,,,,,,,,,-0.0115606937415984,-0.0115606937415984,,,,,,,,,-0.0115606937415984,,,-0.0115606937415984,,,,,,,-0.0115606937415984,,,,,,,,,,,,,,,,,,,,,,,,,,,,,,,,,,,,,719.3996919959864,-0.0115606937415984,-0.0115606937415984,585.1304888245578,719.6474211531292,634.6763202531292,634.6763202531292,688.5987001245578,688.5987001245578,763.4421153898134,636.7407298959864,880.8365260674149,-0.0115606937415984,,680.258485167415,925.0148924245577,925.9232326674148,1129.5565998388433,952.9257107959863,608.334453210272,608.3344532102722,1179.5153131959862,975.4690640959863,1145.4112658959864,648.3014238959864,583.8918430388436,886.5342966817005,547.3105041674149,737.4839204674149,1485.2188734571428,1485.2188734571428,534.3460116102722,799.333633367415,642.5210768959863,908.0041569674149,996.1131605245581,,,892.2320672959864,-0.0115606937415984,,-0.0115606937415983,-0.0115606937415984,1195.7022115782765,,,,,,,,,,,,,,,,,,,,,,,,,,,,,,-0.0115606937415984,1906.665324141838,1702.014750334861,,,,,,,,,,,,,,,,-0.0115606937415984,,,,-0.0115606937415984,-0.0115606937415984,2176.733011299472,-0.0115606937415984,,,,,,,,,,,,-0.0115606937415984,-0.0115606937415984,-0.0115606937415984,,,,,,,,,,,,,,,,,,,,,,,,,,,,,,,,,,,
,,,,,,,,,,,,,,,,,,,,,,,,,,,,,,,,,,,,,,,,,,,,,,,,,,,,,,,,,,,,,,,,,,,,,,,,,,,-0.0115606937415984,,,,-0.0115606937415984,-0.0115606937415984,1697.682133553129,-0.0115606937415984,1455.981052567415,-0.0115606937415983,,-0.0115606937415984,,,,,,,,,,,,,,,,,,,,,,,,,,,,,,,,,,,,,,,-0.0115606937415984,-0.0115606937415983,-0.0115606937415984,-0.0115606937415983,,-0.0115606937415984,669.7774953827023,666.1379232102721,662.4219858531293,,-0.0115606937415984,-0.0115606937415984,-0.0115606937415984,-0.0115606937415984,803.6276054245576,-0.0115606937415984,-0.0115606937415984,-0.0115606937415984,-0.0115606937415984,-0.0115606937415984,1181.126961954506,-0.0115606937415984,-0.0115606937415984,-0.0115606937415984,-0.0115606937415984,-0.0115606937415984,,,,,,791.7366058817007,967.9546129959863,,,971.6705503531293,-0.0115606937415984,,-0.0115606937415984,-0.0115606937415984,,-0.0115606937415984,1323.8057112830386,,999.3798353992564,730.9584592136962,,,,,,,,,,,,,,,,,,,,,,,,,,,1021.6292637102721,1576.758682054697,,-0.0115606937415984,,,,,,,,,,,,,,,,,,,,1996.0215252550506,,,,,,,,,,,,,,-0.0115606937415984,,-0.0115606937415984,,,,,,,,,,,,,,,,,,,,,,,,,,,,,,,,,,,
,,,,,,,,,,,,,,,,,,,,,,,,,,,,,,,,,,,,,,,,,,,,,,,,,,,,,,,,,,,,,,,,,,,,,,,-0.0115606937415984,,,-0.0115606937415984,-0.0115606937415984,,-0.0115606937415984,-0.0115606937415984,,,-0.0115606937415984,-0.0115606937415984,-0.0115606937415984,,-0.0115606937415984,,,,,,,,,,,,,,,,,,,,,,,,,,,,,,,,,,,,,,,,,-0.0115606937415984,,-0.0115606937415984,-0.0115606937415984,-0.0115606937415984,-0.0115606937415984,935.6499005659476,-0.0115606937415984,-0.0115606937415984,-0.0115606937415984,-0.0115606937415984,-0.0115606937415984,-0.0115606937415984,-0.0115606937415984,-0.0115606937415984,-0.0115606937415984,-0.0115606937415983,-0.0115606937415984,-0.0115606937415984,-0.0115606937415984,-0.0115606937415984,,-0.0115606937415984,-0.0115606937415984,-0.0115606937415984,,-0.0115606937415984,,,,,,,-0.0115606937415984,-0.0115606937415984,-0.0115606937415984,-0.0115606937415983,,-0.0115606937415984,-0.0115606937415984,-0.0115606937415984,1100.4641133878004,-0.0115606937415984,,,,,,,170.9273380817006,,,,,,,,,,,,,,,,,,,,,,,,,-0.0115606937415984,,,,,,,,,,,,,,,-0.0115606937415984,,,,,,,,,,,,,,,,,,,-0.0115606937415984,-0.0115606937415983,-0.0115606937415984,,,,,,,,,,,,,,,,,,,,,,,,,,,,,,,,,,,
,,,,,,,,,,,,,,,,,,,,,,,,,,,,,,,,,,,,,,,,,,,,,,,,,,,,,,,,,,,,,,,,,,,,,,,,,,,-0.0115606937415983,-0.0115606937415984,1013.5074353541485,,-0.0115606937415984,,,,,-0.0115606937415984,,-0.0115606937415984,-0.0115606937415984,,-0.0115606937415984,-0.0115606937415984,,-0.0115606937415984,,,,,,,,,,,,,,,,,,,,,,,,,,,,,,,,,,,,-0.0115606937415984,-0.0115606937415984,-0.0115606937415984,-0.0115606937415984,-0.0115606937415984,-0.0115606937415984,-0.0115606937415984,-0.0115606937415984,,,,,-0.0115606937415984,-0.0115606937415984,-0.0115606937415984,-0.0115606937415984,-0.0115606937415984,-0.0115606937415984,-0.0115606937415984,-0.0115606937415984,-0.0115606937415984,,,-0.0115606937415984,-0.0115606937415984,-0.0115606937415984,-0.0115606937415984,-0.0115606937415984,,,,,-0.0115606937415984,-0.0115606937415984,-0.0115606937415984,-0.0115606937415984,,-0.0115606937415983,,-0.0115606937415984,,,,,,,274.31297299598634,,,,,,,,,,,,,,,,,,,,,,,,,,,,,,,,,,,,,,-0.0115606937415984,,,,-0.0115606937415983,-0.0115606937415984,,,,,,,,,,,-0.0115606937415984,,-0.0115606937415984,,,,,,,,,,,,,,,,,,,,,,,,,,,,,,,,,,,,,,,,,
,,,,,,,,,,,,,,,,,,,,,,,,,,,,,,,,,,,,,,,,,,,,,,,,,,,,,,,,,,,,,,,,,,,,,,,,,,-0.0115606937415984,-0.0115606937415984,,-0.0115606937415983,-0.0115606937415984,,,-0.0115606937415984,-0.0115606937415984,,,,,,,-0.0115606937415984,,,,,,,,,,,,,,,,,,,,,,,,,,,,,,,,,,,,,,,,,,,,,,,,,,,,,,,,-0.0115606937415984,-0.0115606937415984,,-0.0115606937415984,,-0.0115606937415984,,-0.0115606937415984,,,,-0.0115606937415984,,,-0.0115606937415984,-0.0115606937415984,-0.0115606937415984,-0.0115606937415984,,,,,,,,,-0.0115606937415984,-0.0115606937415984,353.8340324388435,,,,,,,,,,,,,,,,,,,,,,,,,,,,,,,,,,,,,,,,-0.0115606937415984,-0.0115606937415984,,,-0.0115606937415984,-0.0115606937415984,,,,,,,,,-0.0115606937415984,-0.0115606937415984,-0.0115606937415984,,,,,,,,,,,,,,,,,,,,,,,,,,,,,,,,,,,,,,,,,,
,,,,,,,,,,,,,,,,,,,,,,,,,,,,,,,,,,,,,,,,,,,,,,,,,,,,,,,,,,,,,,,,,,,,,,,,,-0.0115606937415984,-0.0115606937415984,-0.0115606937415984,,,-0.0115606937415984,,,,-0.0115606937415984,-0.0115606937415983,-0.0115606937415984,,,-0.0115606937415984,,,,,,,,-0.0115606937415984,,,,,,,,,,,,,,,,,,,,,,,,,,,,,,,,,,,,,,,,,,,,,,,,,-0.0115606937415983,-0.0115606937415984,,,,,,,,-0.0115606937415984,-0.0115606937415983,,,,,,-0.0115606937415984,-0.0115606937415984,-0.0115606937415984,-0.0115606937415984,,,,,,,-0.0115606937415984,,,,,,,,,,,,,,,,,,,,,,,,,,,,,,,,,,,,,,,,,,,,,-0.0115606937415984,-0.0115606937415984,,-0.0115606937415984,,,,,-0.0115606937415984,,-0.0115606937415984,-0.0115606937415984,,,-0.0115606937415984,,,,,,,,,,,,,,,,,,,,,,,,,,,,,,,,,,,,,,,,,,
,,,,,,,,,,,,,,,,,,,,,,,,,,,,,,,,,,,,,,,,,,,,,,,,,,,,,,,,,,,,,,,,,,,,,,,,,2197.0009887348792,-0.0115606937415984,,,-0.0115606937415984,-0.0115606937415984,,,,,,,,,,,,,,,,,,,,,,,,,,,,,,,,,,,,,,,,,,,,,,,,,,,,,,,,,,,,,,,,,-0.0115606937415984,,-0.0115606937415984,,,-0.0115606937415983,,,,,,,-0.0115606937415984,-0.0115606937415984,,,-0.0115606937415984,-0.0115606937415984,-0.0115606937415984,,-0.0115606937415984,-0.0115606937415984,531.7221521261946,-0.0115606937415984,,,440.7869665959864,,,,,,,,,,,,,,,,,,,,,,,,,,,,,,,,,,,,,,,,,,,,,,,-0.0115606937415984,-0.0115606937415984,-0.0115606937415984,,,,,-0.0115606937415984,-0.0115606937415984,-0.0115606937415984,,,-0.0115606937415984,-0.0115606937415984,,,,,,,,,,,-0.0115606937415984,,,,,,,,,,,,,,,,,,,,,,,,,,,,,,,
,,,,,,,,,,,,,,,,,,,,,,,,,,,,,,,,,,,,,,,,,,,,,,,,,,,,,,,,,,,,,,,,,,,,,,,2034.5905798497272,1696.1957586102722,,,,,,,,,,,-0.0115606937415984,,,,,,,,-0.0115606937415984,-0.0115606937415984,,,,,,-0.0115606937415984,-0.0115606937415984,,,,,,,,,,,,,,,,,,,,,,,,,,,,,,,,,,,,,,,,,,,,-0.0115606937415984,,-0.0115606937415984,,,-0.0115606937415984,-0.0115606937415984,,-0.0115606937415984,,,,,,,,-0.0115606937415984,-0.0115606937415984,,-0.0115606937415984,-0.0115606937415984,-0.0115606937415984,,-0.0115606937415984,,-0.0115606937415984,,,,,,,,,,,,,,,,,,,,,,,,,,,,,,,,,,,,,,,,,,,,,,,,,-0.0115606937415984,-0.0115606937415984,-0.0115606937415984,-0.0115606937415984,,,,-0.0115606937415984,-0.0115606937415984,-0.0115606937415984,-0.0115606937415984,-0.0115606937415983,,,-0.0115606937415984,,,-0.0115606937415984,-0.0115606937415984,-0.0115606937415984,,,,,,-0.0115606937415984,,,,,,,,,,,,,,,,,,,,,,,,,,,,,
,,,,,,,,,,,,,,,,,,,,,,,,,,,,,,,,,,,,,,,,,,,,,,,,,,,,,,,,,,,,,,,,,,,,,,,1498.755620367415,1698.4803719483673,-0.0115606937415984,,,,-0.0115606937415984,,-0.0115606937415984,,,,,,-0.0115606937415984,,,,,,-0.0115606937415984,-0.0115606937415984,,,-0.0115606937415984,-0.0115606937415984,-0.0115606937415983,,-0.0115606937415984,-0.0115606937415984,-0.0115606937415984,,-0.0115606937415984,-0.0115606937415984,,,,,,,,,,,,,,,,,,,,,,,,,,,,,,,,,,,,,,,,,-0.0115606937415984,-0.0115606937415984,-0.0115606937415984,-0.0115606937415984,-0.0115606937415984,-0.0115606937415984,,,-0.0115606937415984,-0.0115606937415984,-0.0115606937415984,-0.0115606937415984,-0.0115606937415984,,-0.0115606937415984,-0.0115606937415984,,-0.0115606937415984,-0.0115606937415984,-0.0115606937415984,,,-0.0115606937415984,,,,,,,,,,,,,,,,,,,,,,,,,,,,,,,,,,,,,,,,,,,,,,,,,,,-0.0115606937415984,-0.0115606937415984,-0.0115606937415984,,,,,,,,-0.0115606937415984,,,,,-0.0115606937415984,,,,-0.0115606937415984,-0.0115606937415984,,-0.0115606937415984,,,,,-0.0115606937415984,,-0.0115606937415984,-0.0115606937415984,-0.0115606937415984,-0.0115606937415984,,,,,,,,,,,,,,,,,,,,,
,,,,,,,,,,,,,,,,,,,,,,,,,,,,,,,,,,,,,,,,,,,,,,,,,,,,,,,,,,,,,,,,,,,,,,,,2254.0994918425035,,,,,,,,,,,,,,,,,,,,,,,,-0.0115606937415984,-0.0115606937415984,,,-0.0115606937415984,-0.0115606937415983,-0.0115606937415984,-0.0115606937415984,-0.0115606937415984,-0.0115606937415984,-0.0115606937415984,-0.0115606937415984,,,,,,,,,,,,,,,,,,,,,,,,,,,,,,,,,,,,,,,-0.0115606937415984,-0.0115606937415984,-0.0115606937415984,-0.0115606937415984,-0.0115606937415984,-0.0115606937415984,-0.0115606937415984,,-0.0115606937415984,-0.0115606937415984,-0.0115606937415984,-0.0115606937415984,-0.0115606937415984,-0.0115606937415984,,,,-0.0115606937415984,-0.0115606937415984,867.5398011851247,-0.0115606937415984,,,,,,,,,,,,,,,,,,,,,,,,,,,,,,,,,,,,,,,,,,,,,,,,,,,,,-0.0115606937415983,-0.0115606937415984,,,,,,,,,,,,,,,,,,,,,,-0.0115606937415984,-0.0115606937415984,,,,,-0.0115606937415984,,,-0.0115606937415984,,,,,-0.0115606937415984,,,,,,,,,,,,,,,
,,,,,,,,,,,,,,,,,,,,,,,,,,,,,,,,,,,,,,,,,,,,,,,,,,,,,,,,,,,,,,,,,,,,,,,,,,-0.0115606937415984,,,,,,,,,,,,,-0.0115606937415984,,,,,,,,-0.0115606937415984,-0.0115606937415984,,-0.0115606937415984,615.0428410613299,,663.3303260959865,794.7919321531291,1150.1156438249895,1606.0852723611406,-0.0115606937415984,-0.0115606937415984,-0.0115606937415984,,,,,,,,,,,,,,,,,,,,,,,,,,,,,,,,,,,,,,,,-0.0115606937415984,-0.0115606937415984,-0.0115606937415984,,-0.0115606937415984,-0.0115606937415984,-0.0115606937415984,-0.0115606937415984,-0.0115606937415984,-0.0115606937415984,-0.0115606937415984,-0.0115606937415984,-0.0115606937415984,-0.0115606937415984,,,,-0.0115606937415984,-0.0115606937415984,-0.0115606937415984,,,,,,,,,,,,,,,,,,,,,,,,,,,,,,,,,,,,,,,,,,,,,,,,,,,,,,,,-0.0115606937415984,-0.0115606937415984,-0.0115606937415984,-0.0115606937415984,,,,,,,,,,,,,,,,,,,,,-0.0115606937415984,-0.0115606937415984,,,,,,,,,,,,,,,,,,,,,,,,
,,,,,,,,,,,,,,,,,,,,,,,,,,,,,,,,,,,,,,,,,,,,,,,,,,,,,,,,,,,,,,,,,,,,,,,,,,,1426.8571870898868,,,,,,,,,,-0.0115606937415984,-0.0115606937415984,,,,,,,,-0.0115606937415984,-0.0115606937415984,,-0.0115606937415984,,693.5209339465027,920.2283563047828,,693.4707068817006,2104.0300137296804,,-0.0115606937415984,-0.0115606937415984,-0.0115606937415984,,,,,,,,,,,,,,,,,,,,,,,,,,,,,,,,,,,,,,,,-0.0115606937415984,-0.0115606937415983,-0.0115606937415984,,,-0.0115606937415984,,-0.0115606937415984,-0.0115606937415984,,,-0.0115606937415984,,-0.0115606937415984,-0.0115606937415984,-0.0115606937415984,2318.0842997714285,,,,-0.0115606937415984,,,,,,,,,,,,,,,,,,,,,,,,,,,,,,,,,,,,,,,,,,,,,,,,,,,,,,,,,,,,,,,,-0.0115606937415984,,,,-0.0115606937415984,,,,,,,,,,,,,,,,,,,,,-0.0115606937415984,,,,,,,,,,,,,,,
,,,,,,,,,,,,,,,,,,,,,,,,,,,,,,,,,,,,,,,,,,,,,,,,,,,,,,,,,,,,,,,,,,,,,,,,,,2306.356677547217,,-0.0115606937415984,,,,,,,,,,-0.0115606937415984,,,,-0.0115606937415983,-0.0115606937415984,-0.0115606937415984,,-0.0115606937415984,-0.0115606937415984,-0.0115606937415984,-0.0115606937415983,1628.7446641655524,691.0288317615602,614.6102585245578,-0.0115606937415984,-0.0115606937415983,-0.0115606937415984,-0.0115606937415984,-0.0115606937415984,,,,,,,,,,,,,,,,,,,,,,,,,,,,,,,,,,,,,,,,,,-0.0115606937415984,,-0.0115606937415984,,-0.0115606937415984,-0.0115606937415984,1194.4674193571427,,-0.0115606937415984,,,,-0.0115606937415984,-0.0115606937415984,-0.0115606937415984,-0.0115606937415984,,,-0.0115606937415984,-0.0115606937415984,-0.0115606937415984,,,,,,,,,,,,,,,,,,,,,,,,,,,,,,,,,,,,,,,,,,,,,,,,,,,,,,,,,,,,,,,,,,,,,,,,,,,,,,,,,,,,,,,,,,,,,,,,,,,,,,,,
,,,,,,,,,,,,,,,,,,,,,,,,,,,,,,,,,,,,,,,,,,,,,,,,,,,,,,,,,,,,,,,,,,,,,,,,,,,4671.072462541607,2554.4448940762472,,,,,,,,-0.0115606937415984,-0.0115606937415984,,-0.0115606937415984,,-0.0115606937415984,-0.0115606937415984,-0.0115606937415984,1727.9876671102722,1446.4021918245578,-0.0115606937415984,,-0.0115606937415984,-0.0115606937415984,-0.0115606937415984,606.6003491102721,606.6003491102721,1124.6020166959863,1364.9215709356274,-0.0115606937415984,-0.0115606937415984,,,,,,,,,,,,,,,,,,,,,,,,,,,,,,,,,,,,,,,,,,,-0.0115606937415984,-0.0115606937415984,-0.0115606937415983,687.9675412830385,-0.0115606937415984,,591.3294981,591.3294981,,,-0.0115606937415984,-0.0115606937415984,,-0.0115606937415984,-0.0115606937415984,-0.0115606937415984,,-0.0115606937415984,,,-0.0115606937415984,,,,,,,,-0.0115606937415984,,,,,,,,,,,,,,,,,,,,,,,,,,,,,,,,,,,,,,,,,,,,,,,,,,,,,,,,,,,,,,,,,,,,,,,,,,,,,,,,,,,,,,,,,,,,,,,,
,,,,,,,,,,,,,,,,,,,,,,,,,,,,,,,,,,,,,,,,,,,,,,,,,,,,,,,,,,,,,,,,,,,,,,,,,,,,4331.291959208216,3918.910113228572,,,,,-0.0115606937415984,-0.0115606937415984,-0.0115606937415984,,,,-0.0115606937415984,-0.0115606937415984,-0.0115606937415984,-0.0115606937415984,1105.1137850659647,1035.1941021974465,1106.6829409959864,-0.0115606937415984,-0.0115606937415984,-0.0115606937415984,1423.5782716994627,1293.3800333798213,,1165.286226232591,1337.1736600751417,-0.0115606937415984,-0.0115606937415984,,,,,,,,,,,,,,,,,,,,,,,,,,,,,,,,,,,,,,,,,,237.09662171845807,-0.0115606937415984,,-0.0115606937415984,,,,869.4467651857145,929.9752559142856,794.3022541857144,,1642.2791590857141,-0.0115606937415984,,,-0.0115606937415983,,-0.0115606937415984,-0.0115606937415984,-0.0115606937415984,857.9628672245578,-0.0115606937415984,-0.0115606937415984,,,,,,-0.0115606937415984,-0.0115606937415984,,,,,,,,,,,,,,,,,,,,,,,,,,,,,,,,,,,,,,,,,,,,,,,,,,,,,,,,,,,,,,,,,,,1004.4533754817006,,,,,,,,,,,,,,,,,,,,,,,,,,,,-0.0115606937415984,
,,,,,,,,,,,,,,,,,,,,,,,,,,,,,,,,,,,,,,,,,,,,,,,,,,,,,,,,,,,,,,,,,,,,,,,,,,,,,,-0.0115606937415983,4922.378352428571,,2708.7474002388435,8181.884847503852,-0.0115606937415984,-0.0115606937415984,-0.0115606937415984,-0.0115606937415983,-0.0115606937415984,,,,-0.0115606937415983,-0.0115606937415984,1386.8786514380722,1381.001694338844,1678.5716314899062,1902.7112462009886,1239.444102172795,1902.9353850316163,3033.3119633985484,1307.2382435470408,-0.0115606937415984,,-0.0115606937415984,-0.0115606937415984,,,,,,,,,,,,,,,,,,,,,,,,,,,,,,,,,,,,,,,,,,,,,,464.15608375312934,751.8522115817007,,,,906.2758332142856,2391.2469775142854,1604.294021657143,-0.0115606937415984,1376.3831970857143,986.5400801285714,1172.7498299142858,-0.0115606937415984,580.5887876102721,,-0.0115606937415984,-0.0115606937415984,,,,,-0.0115606937415984,,-0.0115606937415984,-0.0115606937415983,-0.0115606937415984,,,,,,,,,,,,,,,,,,,,,,,,,,,,,,,,,,,,,,,,,,,,,,,,,,,,,,,,,,,,,,,,,,,,,,,,,,,,,,,,,,,,,,,,,,,,,,,,
,,,,,,,,,,,,,,,,,,,,,,,,,,,,,,,,,,,,,,,,,,,,,,,,,,,,,,,,,,,,,,,,,,,,,,,,,,,,,,,,,3958.711931142857,3826.5897139999993,2897.7042138324055,3425.7495462228776,-0.0115606937415983,,-0.0115606937415984,,,,,-0.0115606937415984,-0.0115606937415984,946.9386280004965,1529.5965844734585,1767.8295034708917,1136.7823100847932,1659.1494148108416,3413.0211668576485,1279.2775187621053,,1692.1278293789703,2336.0292664316767,,,,,,,,,,,,,,,,,,,,,,,,,,,,,,,,,,,,,,,,,,,,,,,,482.32288861027206,482.32288861027206,,,,,1286.9529713571428,1286.9529713571428,1378.1173011857145,884.0589318925623,-0.0115606937415984,-0.0115606937415984,-0.0115606937415984,,,,,,,,628.0702093959864,-0.0115606937415984,-0.0115606937415984,-0.0115606937415984,,,,,,,,,,,,,,,,,,,,,,,,,,,,,,,,,,,,,,,,,,,,,,,,,,,,,,,,,,,,,,,,,,,,,,,,,,,,,,,,,,,,,,,,,,,,,,,,,
,,,,,,,,,,,,,,,,,,,,,,,,,,,,,,,,,,,,,,,,,,,,,,,,,,,,,,,,,,,,,,,,,,,,,,,,,,,,,,,,,4442.466901617948,6121.552665089084,8831.731156266495,,3771.52092495456,3487.690446681701,2804.0405493531293,-0.0115606937415984,-0.0115606937415984,,-0.0115606937415984,-0.0115606937415984,,1165.1540835414387,1143.9334196836862,1155.0118226772438,1812.937541794465,1238.518907296185,-0.0115606937415984,,-0.0115606937415984,-0.0115606937415984,-0.0115606937415983,,,,,,,,,,,,,,,,,,,,,,,,,,,,,,,,,,,,,,,,,,,,,,334.5918077851247,,,,,,,,1089.9199346959865,,1313.7874065408503,889.0941646388435,784.5524603245577,1162.4220013531292,890.2502340388437,,,,,,,,,,-0.0115606937415984,-0.0115606937415984,,,,,,,,,,,,,,,,,,,,,,,,,,,,,,,,,,,,,,,,,,,,,,,,,,,,,,,,,,,,,,,,,,,,,,,,,,,,,,,,,,,,,,,,,,,,,,,,,
,,,,,,,,,,,,,,,,,,,,,,,,,,,,,,,,,,,,,,,,,,,,,,,,,,,,,,,,,,,,,,,,,,,,,,,,,,,,,,,,,,,11684.436035947914,1986.0446528142863,,4030.7953355245577,2471.5880204674154,-0.0115606937415984,-0.0115606937415984,-0.0115606937415984,779.438807405633,-0.0115606937415984,,-0.0115606937415984,-0.0115606937415984,-0.0115606937415984,-0.0115606937415984,3189.5580055864352,,2930.6640253370497,-0.0115606937415984,,,,,,,,,,,,,,,,,,,,,,,,,,,,,,,,,,,,,,,,,,,,,,,,,,,,,,,,869.275832067415,,787.3600574388436,787.3600574388436,1046.8976377388435,,-0.0115606937415984,,,,,,,,2305.735916755143,-0.0115606937415984,-0.0115606937415984,,,,,,,,,,,,,,,,,,,,,,,,,,,,,,,,,,,,,,,,,,,,,,,,,,,,,,,,,,,,,,,,,,,,,,,,,,,,,,,,,1344.9983901674152,,,,,,,,,,,,,,,,,
,,,,,,,,,,,,,,,,,,,,,,,,,,,,,,,,,,,,,,,,,,,,,,,,,,,,,,,,,,,,,,,,,,,,,,,,,,,,,,,,,,,1860.1156646000002,1401.6899691337076,3839.6310025959865,3678.1941685245583,1975.8819770245577,1878.6895710388433,,-0.0115606937415984,-0.0115606937415984,-0.0115606937415984,-0.0115606937415984,-0.0115606937415984,,,,,,,,,,,,,,,,,,,,,,,,,,,,,,,,,,,,,,,,,,,,,,,,,,,,,,,,,,,,,,1017.0875624959863,2307.801710068104,1541.0689151353301,1386.6610669337074,1107.7255595112636,1413.784519467415,1136.4104398531292,-0.0115606937415983,,,,,,,,,-0.0115606937415984,-0.0115606937415984,,,,,,,,,,,,,,,,,,,,,,,,,,,,,,,,,,,,,,,,,,,,,,,,,,,,,,,,,,,,,,,,,,,,,,,,,,,,,,,,,1903.9608352408504,1443.594594710272,1443.594594710272,-0.0115606937415983,,,,,,,,,,,,,,
,,,,,,,,,,,,,,,,,,,,,,,,,,,,,,,,,,,,,,,,,,,,,,,,,,,,,,,,,,,,,,,,,,,,,,,,,,,,,,,,,,,,-0.0115606937415983,2721.711892795987,2669.1107350959855,1989.754809824558,1989.7548098245577,-0.0115606937415984,-0.0115606937415984,-0.0115606937415984,,2633.261252417372,,3396.362890863991,,,,,,,,,,,,,,,,,,,,,,,,,,,,,,,,,,,,,,,,,,,,,,,,,,,,,,,,,,,1515.4418306285716,1569.7770924285717,1605.7665486571218,1329.3914532674148,1521.1632731401814,1739.8441058294009,2797.6290435116093,2121.298992267415,,,,,,,,,,,,,,,,,,,,,,,,,,,,,,,,,,,,,,,,,,,,,,,,,,,,,,,,,,,,,,,,,,,,,,,,,,,,,,,,,,,,,,,,,,,,,,,,3241.388917320112,,,,,,,,,,,,,,
,,,,,,,,,,,,,,,,,,,,,,,,,,,,,,,,,,,,,,,,,,,,,,,,,,,,,,,,,,,,,,,,,,,,,,,,,,,,,,,,,,3305.2899049531616,2814.339830078192,2593.223036624558,2501.563248481701,,,1962.7523316959864,1700.912160700842,,-0.0115606937415984,-0.0115606937415984,-0.0115606937415984,-0.0115606937415984,,-0.0115606937415984,,,,,,,,,,,,,,,,,,,,,,,,,,,,,,,,,,,,,,,,,,,,,,,,,,,,,,,,,,559.2034304925623,2474.9537519536,2187.943915885714,3179.1908499999995,1828.8134340674148,1856.1462177388435,3249.9559223837073,2213.123933181701,,,,,,,,,,,,,,,,,,,,,,,,,,,,,,,,,,,,,,,,,,,,,,,,,,,,,,,,,,,,,,,,,,1697.4875285375053,1568.8335195946484,,,,,,,,,,,,,,,,,,,,,,,,,,1704.5359735674149,3492.4827672265646,,,2413.6193976959867,,,,,,,,,,,,,
,,,,,,,,,,,,,,,,,,,,,,,,,,,,,,,,,,,,,,,,,,,,,,,,,,,,,,,,,,,,,,,,,,,,,,,,,,,,,,,11463.336441242855,,4042.444386257143,2737.6137392783003,,3061.2275928337067,,2691.6307279277494,2365.113190112242,,,1945.241203890383,,-0.0115606937415984,-0.0115606937415984,1303.6765330390679,-0.0115606937415984,,,,,,,,,,,,,,,,,,,,,,,,,,,,,,,,,,,,,,,,,,,,,,,,,,,,,,,,,,,,,4978.5307929548735,2082.512705907953,2612.0533427408504,2743.7597877817007,2440.3741466674146,,,,,,,,,,,,,,,,,,,,,,,,,,,,,,,,,,,,,,,,,,,,,,,,,,,,,,,,,,,,,,,,,,,,,1540.7024975279821,,,,,,,,,,,,,,,,,,,,,,,,,2461.4753033908505,3093.470183781607,5258.023834895238,,-0.0115606937415984,,,,,,,,,,,,,
,,,,,,,,,,,,,,,,,,,,,,,,,,,,,,,,,,,,,,,,,,,,,,,,,,,,,,,,,,,,,,,,,,,,,,,,,,,,,,,4303.3031887285715,,4761.684705828571,2564.651607167415,3436.867571447993,4135.703665364606,4145.7406752478955,4121.260656247993,2720.899898638184,2595.4525990388433,1204.8633734368366,1625.292519861405,2656.43009474737,2592.8447258060287,2032.6375526898864,,,,,,,,,,,,,,,,,,,,,,,,,,,,,,,,,,,,,,,,,,,,,,,,,,,,,,,,,,,10090.170549875385,8864.137465567263,8912.469310142857,7969.281832514286,6791.907725,5647.229324892943,2388.7639055959867,,,,,,,,,,,,,,,,,,,,,,,,,,,,,,,,,,,,,,,,,,,,,,,,,,,,,,,,,,,,,,,,,,,,,,,1747.638920127982,2523.198261538844,,,,,,,,,,,,1869.6887449959863,,,,,,,,,,,2473.487277338844,3381.0942797404045,5705.043613168623,4483.564548569421,4014.152083947588,,,,,,,,,,,,,,
,,,,,,,,,,,,,,,,,,,,,,,,,,,,,,,,,,,,,,,,,,,,,,,,,,,,,,,,,,,,,,,,,,,,,,,,,,,,,,,4488.864904110288,5252.18843697143,4433.030690685713,6485.714486771429,,4188.808139762278,3152.639651819422,3786.9722929429468,4292.81713364293,3517.842866513554,1745.384951473622,1959.8602314136963,,2758.6922129277164,,,,,,,,,,,,,,,,,,,,,,,,,,,,,,,,,,,,,,,,,,,,,,,,,,,,,,,,,,,3267.9474246366512,3206.7994507946487,,,2132.9103881682177,1617.6656157959867,,,,,,,,,,,,,,,,,,,,,,,,,,,,,,,,,,,,,,,,,,,,,,,,,,,,,,,,,,,,,,,,,,,,,,,,,3079.268799008218,2470.9274093817007,2746.815114053129,1927.4352372898868,,,,,,,,,,,,1807.5893761565537,,2653.372832048218,,,,2578.6895927388437,,2748.301488995987,4379.97247269085,3503.975666013931,8259.888635105855,4909.38811166556,,,,,,,,,,,,,,,
,,,,,,,,,,,,,,,,,,,,,,,,,,,,,,,,,,,,,,,,,,,,,,,,,,,,,,,,,,,,,,,,,,,,,,,,,,,,,,4405.074445700181,,3873.6582538571433,,,,7720.892064285714,4497.770577085715,6535.752886340851,4297.117384652182,3441.4642306918095,3377.4356125453596,,,,,,,,,,,,,,,,,,,,,,,,,,,,,,,,,,,,,,,,,,,,,,,,,,,,,,,,,,,,,,,,,,,,,,,,,,,,,,,,,,,,,,,,,,,,,,,,,,,,,,,,,,,,,,,,,,,,,,,,,,,,,,,,,,,,,,,,,,,,,,,,,,,,,,,,,,,,1906.9012427089344,,1952.7586622422675,,2910.646663310272,2910.646663310272,,1676.0070831056962,3889.3692809297477,7946.821055599999,,,,,,,,,,,,,,,,,
,,,,,,,,,,,,,,,,,,,,,,,,,,,,,,,,,,,,,,,,,,,,,,,,,,,,,,,,,,,,,,,,,,,,,,,,,,,,,,4963.91446306677,4039.4716363714288,,,,,,,5037.412683381016,,5492.421428139412,3308.136323290894,,,,,,,,,,,,,,,,,,,,,,,,,,,,,,,,,,,,,,,,,,,,,,,,,,,,,,,,,,,,,,,,,,,,,,,,,,,,,,,,,,,,,,,,,,,,,,,,,,,,,,,,,,,,,,,,,,,,,,,,,,,,,,,,,,,,,,,,,,,,,,,,,,,,,,,,,,,,,,,3491.3249637225026,3792.563618808217,3792.563618808217,3933.7610882912613,,,3558.8394166825033,,,,,,,,,,,,,,,,,
,,,,,,,,,,,,,,,,,,,,,,,,,,,,,,,,,,,,,,,,,,,,,,,,,,,,,,,,,,,,,,,,,,,,,,,,,,,,,4056.1745942053067,,,8025.582138064382,,,7592.733513657143,,4418.166941257143,,,,,,,,,,,,,,,,,,,,,,,,,,,,,,,,,,,,,,,,,,,,,,,,,,,,,,,,,,,,,,,,,,,,,,,,,,,,,,,,,,,,,,,,,,,,,,,,,,,,,,,,,,,,,,,,,,,,,,,,,,,,,,,,,,,,,,,,,,,,,,,,,,,,,,,,,,,,,,,,,,,,,,,,,,,,,,,,,,,,,,,,,,
,,,,,,,,,,,,,,,,,,,,,,,,,,,,,,,,,,,,,,,,,,,,,,,,,,,,,,,,,,,,,,,,,,,,,,,,,,,,,,5266.556728085715,,,,,,,,,,,,,,,,,,,,,,,,,,,,,,,,,,,,,,,,,,,,,,,,,,,,,,,,,,,,,,,,,,,,,,,,,,,,,,,,,,,,,,,,,,,,,,,,,,,,,,,,,,,,,,,,,,,,,,,,,,,,,,,,,,,,,,,,,,,,,,,,,,,,,,,,,,,,,,,,,,,,,,,,,,,,,,,4158.975071055195,,,,,,,,,,,,,,,,,,
,,,,,,,,,,,,,,,,,,,,,,,,,,,,,,,,,,,,,,,,,,,,,,,,,,,,,,,,,,,,,,,,,,,,,,,,,,,,,,5802.20221675238,5943.848243714286,,,,8387.090082408014,,,,,,,,,,,,,,,,,,,,,,,,,,,,,,,,,,,,,,,,,,,,,,,,,,,,,,,,,,,,,,,,,,,,,,,,,,,,,,,,,,,,,,,,,,,,,,,,,,,,,,,,,,,,,,,,,,,,,,,,,,,,,,,,,,,,,,,,,,,,,,,,,,,,,,,,,,,,,,,,,,,,,,,,,,,,,,,,,,,,,,,,,,,,
,,,,,,,,,,,,,,,,,,,,,,,,,,,,,,,,,,,,,,,,,,,,,,,,,,,,,,,,,,,,,,,,,,,,,,,,,,,,,,,,,,,,,,,,,,,,,,,,,,,,,,,,,,,,,,,,,,,,,,,,,,,,,,,,,,,,,,,,,,,,,,,,,,,,,,,,,,,,,,,,,,,,,,,,,,,,,,,,,,,,,,,,,,,,,,,,,,,,,,,,,,,,,,,,,,,,,,,,,,,,,,,,,,,,,,,,,,,,,,,,,,,,,,,,,,,,,,,,,,,,,,,,,,,,,,,7893.105116692857
,,,,,,,,,,,,,,,,,,,,,,,,,,,,,,,,,,,,,,,,,,,,,,,,,,,,,,,,,,,,,,,,,,,,,,,,,,,,,,2552.848964357143,,,,,,,,,,,,,,,,,,,,,,,,,,,,,,,,,,,,,,,,,,,,,,,,,,,,,,,,,,,,,,,,,,,,,,,,,,,,,,,,,,,,,,,,,,,,,,,,,,,,,,,,,,,,,,,,,,,,,,,,,,,,,,,,,,,,,,,,,,,,,,,,,,,,,,,,,,,,,,,,,,,,,,,,,,,,,,,,,,,,,,,,,,,,,,,,,
,,,,,,,,,,,,,,,,,,,,,,,,,,,,,,,,,,,,,,,,,,,,,,,,,,,,,,,,,,,,,,,,,,,,,,,,,,,,,,4189.265200057143,,,,,,,,,,,,,,,,,,,,,,,,,,,,,,,,,,,,,,,,,,,,,,,,,,,,,,,,,,,,,,,,,,,,,,,,,,,,,,,,,,,,,,,,,,,,,,,,,,,,,,,,,,,,,,,,,,,,,,,,,,,,,,,,,,,,,,,,,,,,,,,,,,,,,,,,,,,,,,,,,,,,,,,,,,,,,,,,,,,,,,,,,,,,,,,,,
,,,,,,,,,,,,,,,,,,,,,,,,,,,,,,,,,,,,,,,,,,,,,,,,,,,,,,,,,,,,,,,,,,,,,,,,,,,,,,5392.898598228572,,,,,,,,,,,,,,,,,,,,,,,,,,,,,,,,,,,,,,,,,,,,,,,,,,,,,,,,,,,,,,,,,,,,,,,,,,,,,,,,,,,,,,,,,,,,,,,,,,,,,,,,,,,,,,,,,,,,,,,,,,,,,,,,,,,,,,,,,,,,,,,,,,,,,,,,,,,,,,,,,,,,,,,,,,,,,,,,,,,,,,,,,,,,,,,,,
,,,,,,,,,,,,,,,,,,,,,,,,,,,,,,,,,,,,,,,,,,,,,,,,,,,,,,,,,,,,,,,,,,,,,,,,,,,,,,,,,,,,,,,,,,,,,,,,,,,,,,,,,,,,,,,,,,,,,,,,,,,,,,,,,,,,,,,,,,,,,,,,,,,,,,,,,,,,,,,,,,,,,,,,,,,,,,,,,,,,,,,,,,,,,,,,,,,,,,,,,,,,,,,,,,,,,,,,,,,,,,,,,,,,,,,,,,,,,,,,,,,,,,,,,,,,,,,,,,,,,,,,,,,,,,,
,,,,,,,,,,,,,,,,,,,,,,,,,,,,,,,,,,,,,,,,,,,,,,,,,,,,,,,,,,,,,,,,,,,,,,,,,,,,,,,,,,,,,,,,,,,,,,,,,,,,,,,,,,,,,,,,,,,,,,,,,,,,,,,,,,,,,,,,,,,,,,,,,,,,,,,,,,,,,,,,,,,,,,,,,,,,,,,,,,,,,,,,,,,,,,,,,,,,,,,,,,,,,,,,,,,,,,,,,,,,,,,,,,,,,,,,,,,,,,,,,,,,,,,,,,,,,,,,,,,,,,,,,,,,,,,
,,,,,,,,,,,,,,,,,,,,,,,,,,,,,,,,,,,,,,,,,,,,,,,,,,,,,,,,,,,,,,,,,,,,,,,,,,,,,,,,,,,,,,,,,,,,,,,,,,,,,,,,,,,,,,,,,,,,,,,,,,,,,,,,,,,,,,,,,,,,,,,,,,,,,,,,,,,,,,,,,,,,,,,,,,,,,,,,,,,,,,,,,,,,,,,,,,,,,,,,,,,,,,,,,,,,,,,,,,,,,,,,,,,,,,,,,,,,,,,,,,,,,,,,,,,,,,,,,,,,,,,,,,,,,,,
,,,,,,,,,,,,,,,,,,,,,,,,,,,,,,,,,,,,,,,,,,,,,,,,,,,,,,,,,,,,,,,,,,,,,,,,,,,,,,,,,,,,,,,,,,,,,,,,,,,,,,,,,,,,,,,,,,,,,,,,,,,,,,,,,,,,,,,,,,,,,,,,,,,,,,,,,,,,,,,,,,,,,,,,,,,,,,,,,,,,,,,,,,,,,,,,,,,,,,,,,,,,,,,,,,,,,,,,,,,,,,,,,,,,,,,,,,,,,,,,,,,,,,,,,,,,,,,,,,,,,,,,,,,,,,,
,,,,,,,,,,,,,,,,,,,,,,,,,,,,,,,,,,,,,,,,,,,,,,,,,,,,,,,,,,,,,,,,,,,,,,,,,,,,,,,,,,,,,,,,,,,,,,,,,,,,,,,,,,,,,,,,,,,,,,,,,,,,,,,,,,,,,,,,,,,,,,,,,,,,,,,,,,,,,,,,,,,,,,,,,,,,,,,,,,,,,,,,,,,,,,,,,,,,,,,,,,,,,,,,,,,,,,,,,,,,,,,,,,,,,,,,,,,,,,,,,,,,,,,,,,,,,,,,,,,,,,,,,,,,,,,
,,,,,,,,,,,,,,,,,,,,,,,,,,,,,,,,,,,,,,,,,,,,,,,,,,,,,,,,,,,,,,,,,,,,,,,,,,,,,,,,,,,,,,,,,,,,,,,,,,,,,,,,,,,,,,,,,,,,,,,,,,,,,,,,,,,,,,,,,,,,,,,,,,,,,,,,,,,,,,,,,,,,,,,,,,,,,,,,,,,,,,,,,,,,,,,,,,,,,,,,,,,,,,,,,,,,,,,,,,,,,,,,,,,,,,,,,,,,,,,,,,,,,,,,,,,,,,,,,,,,,,,,,,,,,,,
,,,,,,,,,,,,,,,,,,,,,,,,,,,,,,,,,,,,,,,,,,,,,,,,,,,,,,,,,,,,,,,,,,,,,,,,,,,,,,,,,,,,,,,,,,,,,,,,,,,,,,,,,,,,,,,,,,,,,,,,,,,,,,,,,,,,,,,,,,,,,,,,,,,,,,,,,,,,,,,,,,,,,,,,,,,,,,,,,,,,,,,,,,,,,,,,,,,,,,,,,,,,,,,,,,,,,,,,,,,,,,,,,,,,,,,,,,,,,,,,,,,,,,,,,,,,,,,,,,,,,,,,,,,,,,,
