,,,,,,,,,,,,,,,,,,,,,,,,,,,,,,,,,,,,,,,,,,,,,,,,,,,,,,,,,,,,,,,,,,,,,,,,,,,,,,,,,,,,,,,,,,,,,,,,,,,,,,,,,,,,,,,,,,,,,,,,,,,,,,,,,,,,,,,,,,,,,,,,,,,,,,,,,,,2416.019893228571,2399.8349216285715,,2536.2511108285717,,,,,,,,2323.5343412285715,,,,,2201.6515959142857,,,,,,,,,,,,,,,,,,,,,,,,,,,,,,,,,,,,,,,,,,,,,,,,,,,,,,,,,,,,,,,,,,,,,,,,,,,,,,,,,,,,,,,,,,,,,,,,,,,,
,,,,,,,,,,,,,,,,,,,,,,,,,,,,,,,,,,,,,,,,,,,,,,,,,,,,,,,,,,,,,,,,,,,,,,,,,,,,,,,,,,,,,,,,,,,,,,,,,,,,,,,,,,,,,,,,,,,,,,,,,,,,,,,,,,,,,,,,,,,,,,,,,,,,,,,,,2584.640872857143,2584.640872857143,2920.2313044,2920.2313044,3290.668970714286,3290.668970714286,,3172.5847391428574,,,,,,,,,,,,,,,,,,,,,,,,,,,,,,,,,,,,,,,,,,,,,,,,,,,,,,,,,,,,,,,,,,,,,,,,,,,,,,,,2322.708577371429,2808.4228781428574,2808.4228781428574,,,,,,,,,,,,,,,,,,,,,,,,,,,,,
,,,,,,,,,,,,,,,,,,,,,,,,,,,,,,,,,,,,,,,,,,,,,,,,,,,,,,,,,,,,,,,,,,,,,,,,,,,,,,,,,,,,,,,,,,,,,,,,,,,,,,,,,,,,,,,,,,,,,,,,,,,,,,,,,,,,,,,,,,,,,,,,2464.7399608,2481.5029671,,,,2951.2800254285717,2984.9711907999995,,,,2466.1437593571427,3509.8266984,,,,,3033.8564111428573,,,3310.735032442857,,,3210.074418257143,,,2982.4938992285715,,2842.444349057144,,,,,,,,,,,,,,,,,,,,,,,,,,,,,,,,,,,,,,,,,,,,,,,,,,,,,,,,,,,,,,,,,,,,,,,,,,,,,,,,,,,,,,,,,,,,,,,,,,,,
,,,,,,,,,,,,,,,,,,,,,,,,,,,,,,,,,,,,,,,,,,,,,,,,,,,,,,,,,,,,,,,,,,,,,,,,,,,,,,,,,,,,,,,,,,,,,,,,,,,,,,,,,,,,,,,,,,,,,,,,,,,,,,,,,,,,,,,,,,,,,,,,,2798.6788646285713,2947.8118172285713,3118.744935657143,3148.802740057142,,,,,,,,2250.2065107142857,2699.917507314286,,,3409.5789661428576,,,,,3327.7457679,,3004.789523371429,3004.789523371429,3192.2379189428566,,,,,2712.634270714286,3150.6194205428574,2679.438563657143,2887.8613612,,3427.5806182285714,,,,,,,,,,,,,,,,,,,,,,,2398.348546685714,,,,,,,,,,,,,,,,,,,,,,,,,,,,,,,,,,,,,,,,,,,,,,,,,,,,,,,,,,,,,,,,,,,,,
,,,,,,,,,,,,,,,,,,,,,,,,,,,,,,,,,,,,,,2691.6598687428573,2459.124766571428,2459.1247665714286,2200.660679285714,,,,,,,,,,,,,,,,,,,,,,,,,,,,,,,,,,,,,,,,,,,,,,,,,,,,,,,,,,,,,,,,,,,,,,,,,,,,,,,,,,,,,,,,,,,,5988.109186457143,,,,,,,,,,5151.114940857144,,,6078.282599657143,,2932.9480678,,,,,4932.7829770285725,4617.836641914286,2654.1701896285713,2851.8580570285712,3170.7680586571423,3146.160295714286,3329.810177542857,3329.810177542857,,,3528.158656028572,3528.158656028572,,,3595.8712923142853,3595.8712923142857,3667.547595114286,,,,,,2932.6177622571427,3415.6896186857143,2850.536834857143,2850.536834857143,3044.0958829714286,3044.095882971429,,3028.7366752285716,,,2986.292412971429,2986.2924129714293,2156.2345837714283,3171.9241280571428,1607.7622298571425,1607.7622298571425,,1916.7630652000003,1911.478176514286,1911.4781765142857,1926.5070787142856,,2835.3427798857147,,,,,,2487.3658904857143,,1245.0867438000002,,1143.6829421428572,1143.6829421428572,,1416.6804733142858,,1591.5772582571428,1533.6086354857143,,,,,,,,,,,,,,,,,,,,,,,,,,,,,,,,,,,,,,,,,,,,,,,,,,,,,,,,,,
,,,,,,,,,,,,,,,,,,,,,,,,,,,,,,,,,,,,,,,,,,,,,3358.2164542285714,3358.2164542285714,,,,,,,,,,,,,,,,,,,,,,,,,,,,,,,,,,,,,,,,,,,,,,,,,,,,,,,,,,,,,,,,,,,,,,,,,,,,,,,,,,,,,4514.285854228571,,,5546.986133971429,,,,,,,,,7464.409810257144,,,,,,,6794.880474885714,,,,5062.923360914286,3223.947251057143,3566.7600351415786,3555.7391688571433,3555.739168857143,3749.958828057143,3749.958828057143,3782.6590767999996,3782.6590767999996,3845.747435485715,3749.1330642,3167.960461542857,3167.9604615428575,2869.1990980285714,3041.288285857143,2877.291583828571,2762.9232896142857,2502.725098228571,2502.725098228571,3289.1825957714286,2466.8869468285716,2578.365067542857,3352.270954457143,3277.9522073142853,2271.015759914286,2552.2709296571434,2552.2709296571434,2699.091743457143,,,3075.8052150857143,2540.0496245714285,2540.0496245714285,1928.6540647428571,1928.6540647428571,1221.3047447142858,1221.3047447142858,1645.4170617428572,1424.2775008,1521.2221776285714,1418.4971538000002,1236.8291052285713,1311.9736162285715,1288.5219226857141,1288.5219226857141,1354.583031257143,1354.583031257143,1254.6656045428572,806.6061356571429,,2183.8150966,1209.4137451714287,,2304.872078057143,1195.7060651428571,1566.9694953142857,,,,,,,2941.2057063714287,,,,,,,,,,,,,,,,,,,,,,,,,,,,,,,,,,,,,,,,,,,,,,,,,,,,,,,
,,,,,,,,,,,,,,,,,,,,,,,,,,,,,,,,,,,,,,,,,,,,3683.071955628571,4326.342000342856,4326.342000342856,,4538.7284644,4308.740497424797,4251.197489342857,3961.519528257143,3969.116555742857,3301.569053628571,,,,,,,,,,,,,,,,,,,,,,,,,,,,,,,,,,,,,,,,,,,,,,,,,,,,,,,,,,,,,,,,,,,,,,,,,,,6944.508885800001,6422.626128085714,6422.626128085714,,,5658.464254685715,5658.464254685715,6349.463450342859,5660.115782399999,,,,,7297.275205571429,4597.6880038,7870.5204752,5671.181018085715,5838.15047,5875.309843571428,7579.190986400001,7853.922621671429,5483.567469742858,7513.2124542142865,5688.356906314286,5688.356906314286,3722.543468,4890.173562000001,3681.7507334571433,3951.4452092,4177.869658828572,3756.564938914286,4176.548436657143,4042.1140807142847,4210.074449257143,4077.291621028572,4350.619457742857,4022.295748142857,4031.5443033428573,3459.9505614285713,2845.0867934,2845.0867934000003,2897.605374714286,2897.605374714286,2264.4096490571433,2347.1511875428573,2302.394786485714,2234.351844657143,2216.1850398,2338.5632434285717,2194.715179514286,2194.715179514286,2072.502128657143,2110.652418857143,,2490.1734876000005,2642.2791900857146,2642.2791900857146,1949.1330083999999,1949.1330083999999,1542.0314268285715,1542.0314268285715,1370.768002857143,1580.8423281142855,1562.3452177142858,1336.7465319428572,1129.6449565714286,1344.3435594285713,994.8802950857145,994.8802950857144,620.4789622571428,620.4789622571428,762.6754984571429,684.8885431142857,809.7440383142857,600.1651713714285,,886.3749242571431,,,,,,,,,,,,,,3228.5715286571426,3312.303983771428,,,,,,,,,,,,,,,,,,,,,,,,,,,,,,,,,,,,,,,,,,,,,,,,,,,,
,,,,,,,,,,,,,,,,,,,,,,,,,,,,,,,,,,,,,,2900.0000898999997,,3800.5278082060318,,,,3220.3138900857143,4147.918280038944,4544.673964171428,4682.091998923752,4005.1198599142854,3198.3484319967274,5313.625267942857,,4274.0158708228955,4106.631197266264,4094.632662028571,,,,,,,,,,,,,,,,,,,,,,,,,,,,,,,,,,,,,,,,,,,,,,,,,,,,,,,,,,,,,,,,,,,,,,,,,,,,,,6751.940754314286,6825.103432057144,7062.593117371429,7425.268603428571,7058.9597564000005,6983.057983121833,7392.733507457143,,7830.223198971429,6860.280972371429,,7396.697173971429,7825.103463057143,8115.276882457142,7659.455233314285,,6123.699611800001,7887.0357523428565,6635.508050457144,6515.441985628572,,4144.673951771429,4144.673951771429,4088.191703942858,4088.191703942858,4328.106408550394,4051.638344373471,4040.7928585428576,4040.792858542858,3868.0177731252215,3868.8660982045235,3513.2949066,3524.360142285714,3420.974507371429,3443.9307426,3091.990186685714,3067.7127292857144,2753.7573107999997,2753.7573107999997,2435.1776147142855,2687.778778614286,2091.4946973714286,1885.2188858571426,1787.6135979428575,1787.6135979428575,1941.7011336857145,1941.701133685714,2285.879509342857,1866.7217754571432,2381.668116771429,2391.7424358285716,2239.636733342857,2716.432784457143,,,,1474.318790542857,961.3542824857143,961.3542824857143,1110.8175406285716,1331.4616432571427,1027.5805438285715,1035.1670828630697,797.1924276857144,662.9232245142857,,,314.9463351142857,314.9463351142857,509.16599431428574,,,1619.8183821714285,,,,,,,,,,,,,,,,3543.022405457143,,3157.555836942857,,,,,,,,,,,,,,,,3051.5277576857143,3120.396463371429,,,,,,,,,,,,,,,,,,,,,,,,,,,,,,,,
,,,,,,,,,,,,,,,,,,,,,,,,,,,,,,,,,,,,,,,,4635.1743996793175,,,3065.400590485714,,3576.840353169909,3576.8050973224713,4126.259989652564,4154.893037259476,3543.599978836552,3625.0929849882773,3847.9800659745924,3852.733148423405,4060.969808128969,4054.335385800001,3431.767623144304,3431.6867366811825,3058.629326857143,3058.629326857143,4090.008384428571,,,4108.6706476,,,,,,,,,,,,,,,,4249.876267171429,,,,,,3599.5046532857145,,,,,,,,,,,,,,,,,,,,,,,,,,,,,,,,,,,,,,,,,,,,,,,,,,,5552.53565060418,7650.015199205697,8144.411935516468,8176.533810209947,7912.365049076403,8495.200007732376,8195.14965980699,7649.863836167053,6397.357754057142,4680.099236742857,7188.769834742859,7714.285953428572,7979.35615157143,8501.89952037143,8577.374336914287,7932.783070028571,7993.6418662999995,7148.3074057428585,5265.070353142857,4478.778008371429,4418.4972468,4421.788778130765,4500.908479742857,4500.908479742857,3894.632655828572,3894.632655828572,3604.6243891999998,3830.290951438583,3411.3956466285713,3411.3956466285713,3068.703645914286,3190.9166967714286,2803.055413071429,2933.7738316571426,2730.3056172571437,2410.9001573142855,2242.114024914286,2159.7027919714287,,,,,,,,,,,,,,,,,,,,,,921.5524645714286,430.38812234285723,430.3881223428571,,,,238.31544917142855,138.39802245714287,138.39802245714287,536.4162016,,,,,,,,,,,,,,,,3245.7474168857143,3454.9959782857145,3639.9670822857147,,,3938.0678347142857,3300.412984228572,3300.412984228572,,2780.842365314286,,,,3450.3717006857146,,,3567.465015628571,3555.574016085714,3362.5104262857144,,,,,,,,,,,,,,,,,,,,,,,,,,,,,,,,,,
,,,,,,,,,,,,,,,,,,,,,,,,,,,,,,,,,,,,,9461.492173295237,,8778.0349542,5311.633987619555,3970.544469941153,4170.532902972807,,5282.411394142858,3653.136887090621,,3620.6442080285715,3691.70447285511,3655.768671624328,3690.527540578934,4389.521451836415,4050.9187892200925,5388.823930284159,4345.528310255268,3902.8148469108937,3900.247850057143,3566.821073178174,3015.683346972791,,,5007.613434544809,,,,,,,,,,,,,,,,,,,,,,4296.944807028572,,,,,,,,,,,,,,,,,,,,,,,,,,,,,,,,,,,,,,,,,,,,,,,,,,,6243.714991794817,6285.864063623983,5793.677923778417,7011.97717386918,7385.6680178142415,6529.764530378207,6059.431516604157,5104.046401,7537.0770296857145,,,,,6846.490715957142,7074.318964142857,7837.3247681428575,7605.7805826,,8398.2661563,7339.554315057142,7261.437054171429,5118.414692114285,,4716.267693685714,4654.830862714286,,4144.261069842857,3472.667324828572,3609.2486668000006,3067.2172709714287,3198.5137242571427,3011.230481457143,3011.230481457143,3196.3667382285707,2701.5690350285718,2640.627662371429,2636.4988430857147,2203.3031236285715,,,,,,,,,,,,,,,,,,,,,,,,,,,,,106.19323202857143,8.918249657142857,,5040.792889542857,,,5341.205780771429,4944.839129342858,,,,,,,,,,,,,,,,,,,,,,,,,,,,,,,,,,,,3074.4839929142863,,,,,,,,,,,,,,,,,,,,,,,,,,,,
,,,,,,,,,,,,,,,,,,,,,,,,,,,,,,,,,,,,,6434.183874517985,,6145.434915238907,,,,,,5363.996863228573,,,4319.405583942857,,4672.194730615979,5165.648384742858,5502.477462071429,,5654.996046485714,,5212.7169246,4573.557498345531,4571.728256112233,4213.460158644101,4225.268352014851,,4333.7822906746205,,4391.956157181679,4609.744156114286,,,,,,,,,,,4683.278381083265,4832.59985126526,5034.45416921725,,,,4292.320529428572,,4097.935717457143,4115.276758457143,,,,,,,,,,,,,,,,,,,,,,,,,,,,,,,,,,,,,,,,,,,,,,,,,,6214.815020805132,7567.992183384632,7845.912703981258,8492.04172478127,7880.0567567046355,8731.131567114286,,8367.293554088492,7664.184995374802,5352.398709633885,5805.650824615847,,,9369.116723142857,9343.352890799999,9343.352890799999,9366.556855185714,9436.664206657142,8351.280192828572,,7241.1232632857145,7241.1232632857145,5911.478300514286,5128.3238584,,,,,3972.6673403285713,3174.1704679133436,2975.640059214286,3592.568236885714,3067.7127292857144,3067.712729285714,2784.640879057143,2891.3295694,2514.1206394571427,,,,,,,,,,,,,,,,4862.923354714287,,,,,,,,,,,5106.193387028572,6023.782185085714,,,,,,,,,,,,,,,,,,,,,,,,,,,,,,,,,,,,4648.059599085715,4648.059599085715,,,,,2954.748233628571,2954.748233628571,,,,,,,1994.5500205428568,,,,,,,,,,,,,,,,,,,,,,
,,,,,,,,,,,,,,,,,,,,,,,,,,,,,,,,,,,,,,,,,,,,5090.097633155564,,3243.6004308571432,,,,,,,5139.389094085715,5448.338675118564,5242.474451242666,5079.646557369321,5022.975707597046,5398.535812831174,5100.082734485714,,4644.261085342858,4625.598822171428,,4581.316833435829,4667.712778885714,,4810.309245048568,4612.046946693899,4683.138226808781,,4964.240493797312,,4998.1834745562965,4997.6880162,4935.790663102876,,,,,,,,,,,,,,,,,,,,,,,,,,,,,,,,,,,,,,,,,,,,,,,,,,,,,,6450.016362806683,,,5465.797031537143,5888.984493045715,5938.67125227537,6433.425010502337,7815.897436284902,6943.334417248512,6902.929719522788,,11184.971445,,,,6530.666281523416,7170.034263781988,7387.590170119333,,,6621.932492645715,8464.244688485715,8870.5205062,8870.5205062,8526.342130542856,8526.342130542856,8124.938319585714,7987.8615193,7303.716163657141,,,,,,,,,,,,,4393.394025542857,4854.417986985714,4876.8787639,2909.9918325714284,,,,,,,,,,,,,,,,,5174.071176085715,,,,,1752.3226347149277,64.07927531428571,7095.3759425,453.50951034285714,1952.3534874428572,,,,,,,,,,,,,,,,,,,,,,,,,,,,,,,,,4580.512115571429,,,4529.4799092,,,,,,,3716.267662685714,,,,,,2901.2387356857143,3594.550070142857,2694.962924171429,3278.2825128571426,,,,,,,,,,,,,,,,,,,,
,,,,,,,,,,,,,,,,,,,,,,,,,,,,,,,,,,,,,,,10279.7691048,,,,,,,,,,,,,4178.977334464175,5397.124689451364,,5560.247309994534,5490.790937388435,5530.992810755885,,5208.505528928571,5316.1025595142855,5249.7111454,5240.297437428571,,,5273.070005595407,5237.296114812132,5213.139996849209,5337.242114257142,5602.477465171428,,5287.696282828571,,,5284.2280746285705,,,,,,,,,,,,,,,,,,,,,,,,,,,,,,,,,,,,,,,,,,,,,,,,,,,,,,,8370.437914314285,4965.674017578316,5721.614128189585,5431.817909877738,6607.170449873613,6861.132799745002,6440.211831033825,5512.60547897839,5916.845987727072,,,,,,,,,6445.839340570085,5981.188173950422,5033.272873087725,,,,5088.687193257143,9271.852631416814,8289.843361857143,,8159.5378252,8639.757123041989,6970.988380152382,,,5677.071466933333,5926.342049942857,6084.228099428571,5212.82702644762,,,,,7147.426590961905,7899.257057428574,6585.962219028572,6566.309039228572,6363.914317842858,,,,,,,,,,,8596.862363942859,,,,,,9813.707983828572,9237.324811542858,,1855.402133745402,1150.7845113142857,1936.2510922285715,6172.773407709433,,,6179.521248542856,,,5730.47086302857,,,,,,,,,,,,,,,,,,,,,,,6229.067079971427,6229.067079971428,,3965.813500314286,4589.512941614285,,,,4918.332109528571,,,4726.176859971428,4642.114099314286,,,,,,,,,,,,,,,,,,,,,,,,,,,,,,,,,,
,,,,,,,,,,,,,,,,,,,,,,,,,,,,,,,,,,,,,,6585.136989143877,,10524.690664828571,,,,,,7687.531204457143,6991.7425784285715,,6021.4700462857145,,,3631.7175016296133,5273.298955826373,5371.455320751043,6079.976690006174,6156.818044255857,6049.929401921848,6090.8365500068685,6254.590359772678,,6276.918500001688,6296.001978979744,6501.115138972166,6500.631261854462,,6530.203406991604,6392.326750691602,6390.751643199999,6212.221497285714,,,,6060.941558657142,6066.266537483704,5946.015677149882,,,,,,,,,,,,,,,,,,,,,,,,,,,,,,,,,,,,,,,,,,,,,,,,,,,,,,8937.077073085715,4458.233003605715,4072.419183254045,4970.956717498629,6144.501466099787,6148.939552180492,8696.54259476351,,,4894.926791230802,,,,,4391.826351422826,,,,,,5612.386631457142,,,10238.274470978571,8494.87746920106,,,,,6682.521539390476,7062.4279645999995,7244.5088951,7215.937465642856,7608.918485257142,7506.523766971429,8731.34806109315,7636.963288179587,9333.331280074164,9555.176778691304,6576.218205514286,7314.616246571429,10891.524603266766,,6946.655871828571,6683.650083328571,6270.958278010449,,,,,,,,,,,,,,,6786.11912560611,,,,6413.542725657143,,,,6509.3313330857145,,,,,,,,,,,,,,,,,,,,,,,,,,,,,,,5575.997970819048,4927.912090054696,5040.545160385715,,,5797.522888228572,,,5387.778862314286,5121.139712842858,,,,,,,,,,,8841.66105751802,7902.725265628572,,,,,,,,,,,,,,,,,,,,,,
,,,,,,,,,,,,,,,,,,,,,,,,,,,,,,,,,,,,,,,5469.840839474209,,9939.389242885713,,,,7769.116673542857,,,2897.605374714286,,,12407.101953571428,,,9564.93476609332,6415.918163359521,6527.94815336213,6130.5698553530865,6016.979650323261,7124.995166755023,7123.476917382617,,,,7063.914339542857,6741.898007086732,6987.937331838919,6867.893707875109,,,,6552.6013592,6587.696322910673,6744.637659702131,6742.814290609081,6752.523517091934,,,,,,,,,,,,,,,,,,,,,,,,,,,,,,,,,,,,,,,,,,,,,,,,,,,,,,2881.4671649576967,3257.737508091429,3935.0580611228697,4280.754257232924,4812.685671687167,4557.522299772675,,,,,,,,,,,,4543.676652360811,5575.659454577672,,,,,,6388.397429125511,9541.238923364863,,,6091.454590557884,6413.047267342858,6627.305462809524,6710.872765152381,7851.858212028571,10851.162267445732,9682.391743220442,,6300.302194165516,10383.275728110753,5923.6996056,5877.4568296,11185.373385449631,,4095.788731428572,,3547.646683057143,4359.372554628571,,,,,,3196.1190090714285,311.8910088428571,288.0264333714286,10336.086199857142,10336.086199857142,7625.716424310656,,,9068.621255528571,,7912.408901193776,2768.1256019142857,4582.842292638835,,,,,4671.511292628571,,,,,,,,,,,,,,,,,,,,,,,,,1580.016564257143,,,,,5721.2097728235285,5679.861725787599,5150.522336591313,4983.2371487,,7265.825364668066,,,,,3846.408046571429,,,,,,,,,,,12306.854221314288,,,,,,,,,,,,,,,,,,,,,,,
,,,,,,,,,,,,,,,,,,,,,,,,,,,,,,,,,,,,,,,,9676.71375992857,,,11670.107711071429,,,,,,,,6430.553461114286,,,,7127.863996913562,6793.033794322681,6054.37734182378,6117.932769228767,7412.045372413822,,,,6596.147593043145,6658.118195352908,,6641.207766860842,7202.164432827682,,,,7343.194179452711,,8239.680125400424,8139.346881223347,,,,,,,,,,,,,,,,,,,,,,,,,,,,,,,,,,,,,,,,,,,,,,,,,,,,,,,,,1044.371075590476,,,,,845.6234779071427,1420.1486815142857,1287.9163625238098,2105.0372246285715,1941.7837100714285,2387.778769314286,2213.762799152381,2511.8910770428574,2457.362284378291,,,,,,,,,,,,,,,,,,,,,5959.042298685715,4926.672324485715,8522.596985687702,2607.762260857143,,,3211.0323043314283,3590.0909453142863,4948.637643085714,4702.064555342857,5880.8329900598,10132.555865231256,11178.928267675406,5039.306514600001,,,661.1891204142856,702.0644313428571,819.6532045999999,731.4616246571428,,8262.179230857459,4915.01199355869,694.6325566285714,,983.5176754431777,5255.74137621913,,2107.555804392857,,,,,,,,,,,,,,,,,,,,,,,,,2963.0800257050705,4347.801744072271,4383.319706485715,5224.24703993861,5368.163671161042,6038.165207337043,5110.152549339685,5177.498103880546,5086.292478071429,5966.226444242857,5966.226444242857,7382.417080439793,6292.95626282065,6693.229340086227,,,,,,9831.709635914287,9077.126623257142,,,,,,,8986.788057285716,,9737.407403428571,9050.040820093134,,,,,,,,,,,,,,,,,,,,,,,
,,,,,,,,,,,,,,,,,,,,,,,,,,,,,,,,,,,,,,,,,,9405.842570689285,,8475.30992417143,10958.822249990475,,,,,,,,9357.27351371846,11789.672810155305,,8125.301583311057,7174.808704319173,7171.226491206215,7923.0041383299495,7809.248797,,7491.990323085714,6172.580747477621,7577.019240718643,8026.116005086528,7983.609628006931,8003.357812080239,,7684.36870331079,9434.021762314285,6414.470924291462,6432.952502052332,,,,,,,,,,,,,,,,,,,,,,,,,,,,,,,,,,,,,,,,,,,,,,,,,,,,,,,,,,793.3113375571429,,823.1214128,,659.6201690857143,,,852.8489116571428,,,,,,,,,,,,,,,,,,,,,,,,,,,,10391.412378285713,,,,,,9441.403162233875,112.68924103809525,2657.6691129362766,3727.1260791366476,6154.613997318648,2997.5009000336327,10274.62314030636,,,,925.1032491571428,,,,1062.5929313714284,3863.3379551783537,3143.0149476453166,539.5541042571429,5193.764788909499,7862.4279894,881.3377647285715,778.1998589714285,,977.497965892857,,,,,,,,,,,,,,,,,,,,,,,,,,3060.0331254142857,4287.2833699,3405.835503323809,5220.0904634535045,4706.028221857143,4989.760683171428,5507.457327383946,6489.843306057144,6106.275994414286,6982.924110231217,8284.888778714287,8790.501682392076,,,,,,,,,8646.540797914133,,8754.087802342858,,,,,,,,,,,,,,,,,,,,,,,,,,,,,
,,,,,,,,,,,,,,,,,,,,,,,,,,,,,,,,,,,,,,,,,,,,,,,,,,,,,8879.686485014285,9777.719100709053,8911.643546285715,13459.290260342856,,7063.102418524678,,,,6184.778777582701,,,6549.133151,6247.4498546923305,6307.989555264298,6370.327291676763,7103.083071833334,6299.100973256223,,,,,,,,,,,,,,,,,,,,,,,,,,,,,,,,,,,,,,,,,,,,,,,,,,,,,,,,,,,454.25269781428574,494.43987219523814,,,,,,,,,,,,,,,,65.23534471428572,,,,,,1414.1481308190475,,,,,,,,,,,,,,,,,,,9234.764943585715,9221.717874642858,7927.899574901813,77.78695534285715,,346.6556672285714,10109.753501768251,,,,,,,,9286.7054902,4029.587876445405,6209.906681684962,10053.32859867699,8013.749622781417,3011.966765777491,117.01073855714287,,829.5623708857142,13712.59332352143,13563.171353571428,11083.485066957142,8980.305811007143,,,,,,,,,,,,,,,,134.92981425714285,,,268.37325357142856,,677.7043975571428,,3192.0727661714286,3291.5497854952378,3167.960461542857,,4866.721868457143,5784.310666514286,5483.319740585715,7459.455227114286,7459.455227114286,8034.51717722857,8034.51717722857,8121.387535000002,7538.563404628571,,,,,,,,9459.33967899373,,,,,,,,,,,,,,,,,,,,,,,,,,,,,,,
,,,,,,,,,,,,,,,,,,,,,,,,,,,,,,,,,,,,,,,,,,,2434.096146228706,,,,,,,10468.819056637552,,,,,,,6913.919206967817,,,,5710.143964743332,5697.684325798147,5775.77777332381,,,,,6247.8944959142855,4741.412203135715,4552.931602742857,,,,,,,,,,,,,,,,,,,,,,,,,,,,,,,,,,,,,,,,,,,,,,,,,,,,,,,,,,,,6280.001201811683,,,,,,,,,,,,,,,,,,,,,,,,,,,,,,,,,,,,4734.926964824385,,,,,,,,,,,2487.778772414286,8518.164016467948,10581.916100128572,,10557.968948271428,,,,,,,,542.2791249857144,542.2791249857144,,11239.8847415,10925.268711928573,10925.268711928573,7992.4857969,3823.8221819806413,8138.645999614288,2024.2775194,4208.010039614286,4916.061258921429,,,,,,,,,,,,,,,,,,930.3055614571429,4737.242095657143,4065.7722152214283,3897.605405714286,3898.2660168,4842.554512904761,4845.664890100001,4685.384125428572,5017.176043228571,5289.265234157143,5570.327725666666,5782.906867957142,,6297.6605310380955,,,,,,,,,,,,,,,,,,,,,,,,,,,,,,,,,,,,,,,,
,,,,,,,,,,,,,,,,,,,,,,,,,,,,,,,,,,,,,,,,,,,,,,,,,,9663.969471066666,,,,,,,,,,,,,,,,,,,,4698.697273836508,,,,,,,,,,,,,,,,,,,,,,,,,,,,,,,,,,,,,,,,,,,,,,,,,,,,,,,,,,,,,,,,,,,,,,,,,,,,,,,,,,,,,,,,,,7648.5551504,,,,,7612.693094140491,,,,,,,256.5648304142857,,,,,3325.196178274537,7628.571665057143,1002.5764142342856,,10881.310549266667,10708.0928175,,10506.441283585715,9225.26865922857,,,,,9069.759380035648,6901.007900540066,,,,666.7217382571429,6238.233058785714,6147.935781007143,6430.338522315357,6653.678076146835,6645.764009142317,11785.549498299999,2336.7795934971427,5306.537249595848,,,,268.7035591142857,,,,,2074.8693183809523,,,,1090.4211733571428,,2411.2304628571433,7464.698827607144,7016.515494142857,6321.55263197143,6191.370959892857,5358.987229161905,,4757.005377304762,4651.032348971429,5054.830875114287,4791.164475528572,5196.201647457143,5196.201647457143,5515.221750933334,5395.739225897143,,,,,,,,,,,,,,,,,,,,,,,,,,,,,,,,,,,,,,,
,,,,,,,,,,,,,,,,,,,,,,,,,,,,,,,,,,,,,,,,,,,,,,,,,,,,4885.163927933333,,7077.539443185715,,,,,,,,,,,,,,,,,6617.561449295237,,,,,,,,,,,,,,,,,,,,,,,,,,,,,,,,,,,,,,,,,,,,,,,,,,,,,,,,,,,,,,,,,,,,,,,10.569777371428572,,,,,,,,,,,,,,,,,,,7679.1909895,,,,,,,,,91.9075173,,,,,,,,,,,,,,,,,624.9380870857143,7730.183045278697,,6789.621086888435,,450.0413021428572,372.2543468,2145.4460499467623,6423.039010014286,5993.951026914536,5833.320359296915,875.3450126493293,6563.172699648374,6563.68001291318,6380.943675742704,6383.997651564506,8927.453983287805,8461.7651897252,12114.683261658744,9885.049324847243,,,4697.935736057143,,,,5202.807758314286,,4905.7804989,5496.284233142858,5327.993559057142,5100.11576504,8233.5262668,8636.939436476192,6164.863940078571,,5684.117985180953,,4609.8267325,4636.829210628571,,,,,,,,,,,,,,,,,,,,,,,,,,,,,,,,,,,,,,,,,,,,,
,,,,,,,,,,,,,,,,,,,,,,,,,,,,,,,,,,,,,,,,,,,,,,,,,,,,5950.93916446039,7126.259510757142,,,,,,,,,,,,,,,,,,,,,,,,,,,,,,,,,,,,,,,,,,,,,,,,,,,,,,,,,,,,,,,,,,,,,,,,,,,,,,,,,,,,,,,,,,,,,,,,,,,,,,,,,,,,,7695.210808328572,,,,,,,,,,,,,,,,,,,,,,,,,,,,5993.0468095568585,,,5800.578214500001,6099.0505606642855,2661.002447301155,5262.577243561168,4784.366496751394,3331.313166656732,4636.4357010811,5123.121753143261,3900.6821149410403,1763.2535641571424,3626.8548429031766,5840.958067114286,5672.378375678571,6077.621988571429,6191.508550957862,,2463.4448315627174,,1982.0809863,1884.9711567,,2939.058720342857,5947.3990283,5817.5063735714275,6648.513831207143,6513.680356066667,6034.847420771429,,5289.182657771429,4550.371734785715,,,,,,4063.088482685714,,,,,,,,,,,,,,,,,,,,,,,,,,,,,,,,,,,,,,,,,,,
,,,,,,,,,,,,,,,,,,,,,,,,,,,,,,,,,,,,,,,,,,,,,,,,,,,,,,,,,,,,,,,,,,,,,,,,,,,,,,,,,,,,,,,,,,,,,,,,,,,,,,,,,,,,,,,,,,,,,,,,,,,,,,,,,,,,,,,,,,,,,,,,,,,,,,,,,,,,,,,,,,,,,,,,124.60776604285712,,,,,8267.217432171428,,,,,,,,,4811.002180551587,2068.4834112190474,,,,,,,,,5825.351130214285,,2990.420365329377,3405.5698087045444,5130.397721949969,4258.1548407548735,4695.203424219127,1738.315495671429,1738.3154956714288,2451.9580435340754,1450.536791457143,6182.081116500001,,6020.8920115857145,,,1743.415408778591,,,,2504.7069314857144,,,3578.406386735714,3772.9976396714283,4169.240426521429,4126.837452457143,,,,,,,,,,,,,,,,,,,,,,,,,,,,,,,,,,,,,,,,,,,,,,,,,,,,,
,,,,,,,,,,,,,,,,,,,,,,,,,,,,,,,,,,,,,,,,,,,,,,,,,,,,,,7796.345697092121,,,,,,,,,,,,,,,,,,,,,,,,,,,,,,,,,,,,,,,,,,,,,,,,,,,,,,,,,,,,,,,,,,,,,,,,,,,,,,,,,,,,,,,,,,,,,,,,,,,,,,,,,,,,,,,,,,,,,,,,,,,,,,,,,,,,,,,,,,,,2898.131799173214,1491.9075607,,1838.4806515428572,,,4631.308429638201,5696.189098047411,,,,,,,,,,1641.1230896857141,1641.1230896857141,,,,,,,,,,,,,,,,,,,,,,,,,,,,,,,,,,,,,,,,,,,,,,,,,,,,,,,,,,,
,,,,,,,,,,,,,,,,,,,,,,,,,,,,,,,,,,,,,,,,,,,,,,,,,,,,,,,,4527.332923171429,,,,,,,,,,,,,,,,,,,,,,,,,,,,,,,,,,,,,,,,,,,,,,,,,,,,,,,,,,,,,,,,,,,,,,,,,,,,,,,,,,,,,,,,,,,,,,,,,,,,,,,,6313.9556044857145,,,,,,,,,,,,,,,,,,,,,,,,,,,,,,,,,,,5415.0290696,5050.702710690288,2128.1586126285715,6009.001012042858,6000.165338771429,,,,,,,,,,,,,,,,1936.663974157143,1968.2907298857144,,,,,,,,,,,,,,,,,,,,,,,,,,,,,,,,,,,,,,,,,,,,,,,,,,,,,,,
,,,,,,,,,,,,,,,,,,,,,,,,,,,,,,,,,,,,,,,,,,,,,,,,,,,,,,,,,,,,,,,,,,,,,,,,,,,,,,,,,,,,,,,,,,,,,,,,,,,,,,,,,,,,,,,,,,,,,,,,,,,,,,,240.87531712857145,,,,,,,5143.517913371429,,,,,,,,,,,,,,,,,,,,,,,,,,,,,,,,,,,,,1254.9959100857145,,,,,,,,,,,,,,,,,,,,,,,,4402.667006338959,1703.3031081285712,2735.4253531714285,,,,,,,,,,,,,,,,,,,,,,,,,,,,,,,,,,,,,,,,,,,,,,,,,,,,,,,,,,,,,,,,,,,,,,,,,,
,,,,,,,,,,,,,,,,,,,,,,,,,,,,,,,,,,,,,,,,,,,,,,,,,,,,,,,,,,,,,,3944.137199064286,3693.146274685714,,,,,,,,,,,,,,,,,,,,,,,,,,,,,,,,,,,,,,,,,,,,,,,,,,,,,,,,,,,,,,,,,,,,,,,,,,1162.0148997714286,,,1230.1404179857145,1294.797728,1294.797728,,,,,,,,,,,,,,,,,,,,4417.3411774,4099.587245171429,,,,522.5433687999999,,,,4830.566284639055,,,2064.3270664714287,1727.8282946857144,,,,,,,,,,,,,,,,,,,,,,5328.571593757144,5495.045587357143,,,,,,,,,,,,,,,,,,,,,,,,,,,,,,,,,,,,,,,,,,,,,,,,,,,,,,,,,,,,,,,,,,,,,,,,,
,,,,,,,,,,,,,,,,,,,,,,,,,,,,,,,,,,,,,,,,,,,,,,,,,,,,,,,,,,,,,,,,,,,,,,,,,,,,,,,,,,,,,,,,,,,,,,,,,,,,,,,,,,,,,,,,,,,,,,,,,,,,,,,,,,,,,,,,,1162.5929344714284,1162.5929344714284,,,1277.2915342285714,4350.949763285715,1353.9224201714285,,,,,,,,,,,,,,,,,,,4233.5261428,,3949.2982231714277,,2045.5409387214283,2445.7203678449014,,,,2529.6449999714287,,,,,,,,,,,,,,,,,,,,,,,,,,,,,,,,,,,,,,,,,,,,,,,,,,,,,,,,,,,,,,,,,,,,,,,,,,,,,,,,,,,,,,,,,,,,,,,,,,,,
,,,,,,,,,,,,,,,,,,,,,,,,,,,,,,,,,,,,,,,,,,,,,,,,,,,,,,,,,,,,,,,,,,,,,,,,,,,,,,,,,,,,,,,,,,,,,,,,,,,,,,,,,,,,,,,,,,,,,,,,,,,,,,,,,,,,,,,,,,,,,,,,,,1883.5673581428573,,,,,,,,,1034.351807457143,1592.4855985000002,1484.3105332142857,,,,,1742.2791621857143,,,1514.6160667714287,1939.5541476571432,2041.4534076285715,,,,,,,,,,,,,,,,,,,,,,,,,,,,,,,,,,,,,,,,,,,,,,,,,,,,,,,,,,,,,,,,,,,,,,,,,,,,,,,,,,,,,,,,,,,,,,,,,,,,,,,,
,,,,,,,,,,,,,,,,,,,,,,,,,,,,,,,,,,,,,,,,,,,,,,,,,,,,,,,,,,,,,,,,,,,,,,,,,,,,,,,,,,,,,,,,,,,,,,,,,,,,,,,,,,,,,,,,,,,,,,,,,,,,,,,,,,,,,,,,,,,,,,,,,,,,,,,,,,,,,1919.405509542857,,,1887.9439065857146,,,2007.9273950285713,1552.1057458857142,,1192.4030097142856,2073.1076888190473,,3127.208783073092,2489.733080209524,,,,,,,,,,,,,,,,,,,,,,,,,,,,,,,,,,,,,,,,,,,,,,,,,,,,,,,,,,,,,,,,,,,,,,,,,,,,,,,,,,,,,,,,,,,,,,,,,,,,,
,,,,,,,,,,,,,,,,,,,,,,,,,,,,,,,,,,,,,,,,,,,,,,,,,,,,,,,,,,,,,,,,,,,,,,,,,,,,,3589.9257925428574,,,,,,,,,,,,,,,,,,,,,,,,,,,,,,,,,,,,,,,,,,,,,,,,,,,,,,,,,,,,,,,,,,,,,,,,,,,,,,,,,,2161.024014142857,,,,,2219.8184007714285,2501.403876057143,2529.8101527428576,1701.8442586476192,1713.7903091142857,,,,,,,,,,,,,,,,,,,,,,,,,,,,,,,,,,,,,,,,,,,,,,,,,,,,,,,,,,,,,,,,,,,,,,,,,,,,,,,,,,,,,,,,,,,,,,,,,,,,,,,
,,,,,,,,,,,,,,,,,,,,,,,,,,,,,,,,,,,,,,,,,,,,,,,,,,,,,,,,,,,,,,,,,,,,,,,,,,,,,2692.4856325999995,,,,,,,,,,,,,,,,,,,,,,,,,,,,,,,,,,,,,,,,,,,,,,,,,,,,,,,,,,,,,,,,,,,,,,,,,,,,,,,,,,,,,,,,,,2038.1503521999998,,,,,,,,,,,,,,,,,,,,,,,,,,,,,,,,,,,,,,,,,,,,,,,,,,,,,,,,,,,,,,,,,,,,,,,,,,,,,,,,,,,,,,,,,,,,,,,,,,,,,,,,
,,,,,,,,,,,,,,,,,,,,,,,,,,,,,,,,,,,,,,,,,,,,,,,,,,,,,,,,,,,,,,,,,,,,,,,,,,,,,,,,,,,,,,,,,,,,,,,,,,,,,,,,,,,,,,,,,,,,,,,,,,,,,,,,,,,,,,,,,,,,,,,,,,,,,,,,,,,,,,,,2178.860513457143,,,,,,,,,,,,,,,,,,,,,,,,,,,,,,,,,,,,,,,,,,,,,,,,,,,,,,,,,,,,,,,,,,,,,,,,,,,,,,,,,,,,,,,,,,,,,,,,,,,,,,,,,,,,,,,
,,,,,,,,,,,,,,,,,,,,,,,,,,,,,,,,,,,,,,,,,,,,,,,,,,,,,,,,,,,,,,,,,,,,,,,,,,,,,,,,,,,,,,,,,,,,,,,,,,,,,,,,,,,,,,,,,,,,,,,,,,,,,,,,,,,,,,,,,,,,,,,,,,,,,,,,,,,,,,,,2689.1825771714284,,,,,,,,,,,,,,,,,,,,,,,,,,,,,,,,,,,,,,,,,,,,,,,,,,,,,,,,,,,,,,,,,,,,,,,,,,,,,,,,,,,,,,,,,,,,,,,,,,,,,,,,,,,,,,,
,,,,,,,,,,,,,,,,,,,,,,,,,,,,,,,,,,,,,,,,,,,,,,,,,,,,,,,,,,,,,,,,,,,,,,,,,3881.0075521857143,,,,,,,,,,,,,,,,,,,,,,,,,,,,,,,,,,,,,,,,,,,,,,,,,,,,,,,,,,,,,,,,,,,,,,,,,,,,,,,,,,,,,,2866.0611953714283,,,,,,1586.347420495238,,,,,,,,,,,,,,,,,,,,,,,,,,,,,,,,,,,,,,,,,,,,,,,,,,,,,,,,,,,,,,,,,,,,,,,,,,,,,,,,,,,,,,,,,,,,,,,,,,,,,,,,,,
,,,,,,,,,,,,,,,,,,,,,,,,,,,,,,,,,,,,,,,,,,,,,,,,,,,,,,,,,,,,,,,,,,,,,,,,,,,,,,,,,,,,,,,,,,,,,,,,,,,,,,,,,,,,,,,,,,,,,,,,,,,,,,,,,,,,,,,,,,,,,,,,,,,,,,,,,,,,,,,2315.4418554285717,,,,,2680.5946330571423,,,,,,,,,,,,,,,,,,,,,,,,,,,,,,,,,,,,,,,,,,,,,,,,,,,,,,,,,,,,,,,,,,,,,,,,,,,,,,,,,,,,,,,,,,,,,,,,,,,,,,,,,,,
,,,,,,,,,,,,,,,,,,,,,,,,,,,,,,,,,,,,,,,,,,,,,,,,,,,,,,,,,,,,,,,,,,,,,,,,3337.599883261905,,,,,,,,,,,,,,,,,,,,,,,,,,,,,,,,,,,,,,,,,,,,,,,,,,,,,,,,,,,,,,,,,,,,,,,,,,,,,,,,,,,,,,,,,,,,1505.5326643428573,,,,,,,,,,,,,,,,,,,,,,,,,,,,,,,,,,,,,,,,,,,,,,,,,,,,,,,,,,,,,,,,,,,,,,,,,,,,,,,,,,,,,,,,,,,,,,,,,,,,,,,,,,,
,,,,,,,,,,,,,,,,,,,,,,,,,,,,,,,,,,,,,,,,,,,,,,,,,,,,,,,,,,,,,,,,,,,,,,,,,,,,,,,,,,,,,,,,,,,,,,,,,,,,,,,,,,,,,,,,,,,,,,,,,,,,,,,,,,,,,,,,,,,,,,,,,,,,1447.0685832571428,,,,,,,,,,,,,,,,,,,,,,,,,,,,,,,,,,,,,,,,,,,,,,,,,,,,,,,,,,,,,,,,,,,,,,,,,,,,,,,,,,,,,,,,,,,,,,,,,,,,,,,,,,,,,,,,,,,,,,,,,,,
,,,,,,,,,,,,,,,,,,,,,,,,,,,,,,,,,,,,,,,,,,,,,,,,,,,,,,,,,,,,,,,,,,,,,,,,,,,,,,,,,,,,,,,,,,,,,,,,,,,,,,,,,,,,,,,,,,,,,,,,,,,,,,,,,,,,,,,,,,,,,,,,,,,,,,,,,,,,,,,2290.3386341714286,,,,,2433.5260870000006,,,,,,,,,,,,,,,,,,,,,,,,,,,,,,,,,,,,,,,,,,,,,,,,,,,,,,,,,,,,,,,,,,,,,,,,,,,,,,,,,,,,,,,,,,,,,,,,,,,,,,,,,,,
,,,,,,,,,,,,,,,,,,,,,,,,,,,,,,,,,,,,,,,,,,,,,,,,,,,,,,,,,,,,,,,,,,,,,,,,,,,4895.953909,,,,,,,,,,,,,,,,,,,,,,,,,,,,,,,,,,,,,,,,,,,,,,,,,,,,,,,,,,,,,,,,,,,,,,,,1382.6590024000002,,,,,,,,,,,1044.2609737428572,,,,2114.4509326,2318.0842997714285,,,,,,,,,,,,,,,,,,,,,,,,,,,,,,,,,,,,,,,,,,,,,,,,,,,,,,,,,,,,,,,,,,,,,,,,,,,,,,,,,,,,,,,,,,,,,,,,,,,,,,,,,,,,
,,,,,,,,,,,,,,,,,,,,,,,,,,,,,,,,,,,,,,,,,,,,,,,,,,,,,,,,,,,,,,,,,,,,,,,,,,,,,,,,,,,,,,,,,,,,,,,,,,,,,,,,,,,,,,,,,,,,,,,,,,,,,,,,,,,,,,,,,,,,,,,,,,,,,,,,,,,1517.4236638857144,,,,,,,,,,,,,,,,,,,,,,,,,,,,,,,,,,,,,,,,,,,,,,,,,,,,,,,,,,,,,,,,,,,,,,,,,,,,,,,,,,,,,,,,,,,,,,,,,,,,,,,,,,,,,,,,,,,,
,,,,,,,,,,,,,,,,,,,,,,,,,,,,,,,,,,,,,,,,,,,,,,,,,,,,,,,,,,,,,,,,,,,,,,,,,,,,4054.968471423809,,,,,,,,,,,,,,,,,,,,,,,,,,,,,,,,,,,,,,,,,,,,,,,,,,,,,,,,,,,,,,,,,,,,,,,1549.4633015428572,1549.4633015428572,,,,,,,,,,,,,,1665.4005470857144,,1863.4187200285714,,,,,,,,,,,,,,,,,,,,,,,,,,,,,,,,,,,,,,,,,,,,,,,,,,,,,,,,,,,,,,,,,,,,,,,,,,,,,,,,,,,,,,,,,,,,,,,,,,,,,,,,,,,
,,,,,,,,,,,,,,,,,,,,,,,,,,,,,,,,,,,,,,,,,,,,,,,,,,,,,,,,,,,,,,,,,,,,,,,,,,,,,,,,,,,,,,,,,,,,,,,,,,3032.0521225266834,,,,,,,,,,,,,,,,,,,,,,,,,,,,,,,,,,,,,,,,,,,,,,,,721.9928657619049,,,1516.2675944857142,,,,,,,,,5610.157069042858,,,1090.3385969714286,,1365.5656905571427,2255.821704942857,,,,,,,,,,,1968.1255771142855,,,,,,,,,,,,,,,,,,,,,,,,,,,,,,,,,,,,,,,,,,,,,,,,,,,,,,,,,,,,,,,,,,,,,,,,,,,,,,,,,,,,,,,,,,,,,,,,
,,,,,,,,,,,,,,,,,,,,,,,,,,,,,,,,,,,,,,,,,,,,,,,,,,,,,,,,,,,,,,,,,,,,,,,,,,,,,,,,,,5510.446083292857,,,,,,,,,,,,,,,,3557.773719686416,,,,,,,,,,,,,,,,,,,,,,,,,,,,,,,,,,,,,,,,,,,,,,,,,,,,1295.045457157143,1498.5962479428572,,,,,,,,1376.3831970857143,,,1095.7886384285716,,,,,,,,,,,,2315.0289734999997,,,,,,,,,,,,,,,,,,,,,,,,,,,,,,,,,,,,,,,,,,,,,,,,,,,,,,,,,,,,,,,,,,,,,,,,,,,,,,,,,,,,,,,,,,,,,,,,,
,,,,,,,,,,,,,,,,,,,,,,,,,,,,,,,,,,,,,,,,,,,,,,,,,,,,,,,,,,,,,,,,,,,,,,,,,,,,,,,,,4863.914271342857,4691.659930742857,5602.676499046318,5564.691455650748,7150.289239000001,,,,,,,,,,,,2539.1206378169336,3346.15360337745,,,,,,,,,,,,,,,,,,,,,,,,,,,,,,,,,,,,,,,,,,,,,,,,,,,,,,,,,,,,,1378.1173011857145,,1378.3650303428572,1213.0471061428573,,,,,,,,,,1594.5500081428575,,2304.706925285714,,,,,,,,,,,,,,,,,,,,,,,,,,,,,,,,,,,,,,,,,,,,,,,,,,,,,,,,,,,,,,,,,,,,,,,,,,,,,,,,,,,,,,,,,,,,,,,,,
,,,,,,,,,,,,,,,,,,,,,,,,,,,,,,,,,,,,,,,,,,,,,,,,,,,,,,,,,,,,,,,,,,,,,,,,,,,,,,,,,,,,,6830.766240835244,,,,,,,2228.4063448857146,,,,,,,,,,,,,,,,,,,,,,,,,,,,,,,,,,,,,,,,,,,,,,,,,,,,,,,,,,,,,,,,,,,1745.4583530357143,1752.4360576285712,,2352.7663817714283,,,,,,,,,,,,2097.4401971428574,,,,,,,,,,,,,,,,,,,,,,,,,,,,,,,,,,,,,,,,,,,,,,,,,,,,,,,,,,,,,,,,,,,,,,,,,,,,,,,,,,,,,,,,,,,,,,,,,
,,,,,,,,,,,,,,,,,,,,,,,,,,,,,,,,,,,,,,,,,,,,,,,,,,,,,,,,,,,,,,,,,,,,,,,,,,,,,,,,,,,,2952.766400371428,,,,,,1819.8183883714287,3161.147909721429,,,3481.420421714286,7154.748363828571,,,,,,,,,,,,,,,,,,,,,,,,,,,,,,,,,,,,,,,,,,,,,,,,,,,,,,,,,,,,,,,,,2350.536819357143,,,,,,,,,,,1421.965362,1578.2824601571429,2119.0752102,,,,,,,,,,,,,,,,,,,,,,,,,,,,,,,,,,,,,,,,,,,,,,,,,,,,,,,,,,,,,,,,,,,,,,,,,,,,,,,,,2706.6887709428574,,,,,,,,,,,,,,,,,
,,,,,,,,,,,,,,,,,,,,,,,,,,,,,,,,,,,,,,,,,,,,,,,,,,,,,,,,,,,,,,,,,,,,,,,,,,,,,,,,,,,,2749.5046269357144,,7152.766530571429,4879.851513785716,4530.140520285714,,2543.6829855428573,3399.1743415428573,3393.3939945428574,3651.692929057143,3975.8878193714286,,,,,,,,,,,,,,,,,,,,,,,,,,,,,,,,,,,,,,,,,,,,,,,,,,,,,,,,,,,,,,,4296.668549790318,2327.020899354941,,3037.3781028689295,,,,,,,,,,,,2264.7399545999997,2659.6202310857147,,,,,,,,,,,,,,,,,,,,,,,,,,,,,,,,,,,,,,,,,,,,,,,,,,,,,,,,,,,,,,,,,,,,,,,,,,,,,,,,,2535.053753235715,2823.6995095,,7776.8788538,,,,,,,,,,,,,,
,,,,,,,,,,,,,,,,,,,,,,,,,,,,,,,,,,,,,,,,,,,,,,,,,,,,,,,,,,,,,,,,,,,,,,,,,,,,,,,,,,,,5053.839958485714,5244.591409485714,5150.289176999999,3833.278401242857,3833.278401242857,,,3857.9687405714285,,4315.221713733333,,5374.621691523809,,,,,,,,,,,,,,,,,,,,,,,,,,,,,,,,,,,,,,,,,,,,,,,,,,,,,,,,,,,,2129.4798348,2166.286715079082,2910.0744089571426,2748.527473038095,2761.023148034131,4215.524490714286,4162.262721928571,,,,,,,,,,,,,,,,,,,,,,,,,,,,,,,,,,,,,,,,,,,,,,,,,,,,,,,,,,,,,,,,,,,,,,,,,,,,,,,,,,,,,,,,,,,,,,,,5338.597786624656,,,,,,,,,,,,,,
,,,,,,,,,,,,,,,,,,,,,,,,,,,,,,,,,,,,,,,,,,,,,,,,,,,,,,,,,,,,,,,,,,,,,,,,,,,,,,,,,,,5100.743345571428,,4772.419635971429,,,4010.4047486000013,,,4368.621109828571,3916.597974428571,4704.376694142858,4704.376694142858,,,,,,,,,,,,,,,,,,,,,,,,,,,,,,,,,,,,,,,,,,,,,,,,,,,,,,,,,,,,895.1280211428572,2687.1020652581733,2433.1132050714286,3179.1908499999995,3481.420421714286,3367.299856657143,4509.496423857143,4476.218140414286,,,,,,,,,,,,,,,,,,,,,,,,,,,,,,,,,,,,,,,,,,,,,,,,,,,,,,,,,,,,,,,,,,4873.052724695238,4485.274017380952,,,,,,,,,,,,,,,,,,,,,,,,,,3310.735032442857,4634.640936407143,,,,,,,,,,,,,,,,
,,,,,,,,,,,,,,,,,,,,,,,,,,,,,,,,,,,,,,,,,,,,,,,,,,,,,,,,,,,,,,,,,,,,,,,,,,,,,,,,,,,,4319.033990207143,,5194.429794858888,4615.441926728572,,,,,4662.923348514286,4772.089330428571,4896.077773578571,,,,,,,,,,,,,,,,,,,,,,,,,,,,,,,,,,,,,,,,,,,,,,,,,,,,,,,,,,,,,,5348.647295884471,3960.0442726454553,,5057.555895842857,4808.918398457143,,,,,,,,,,,,,,,,,,,,,,,,,,,,,,,,,,,,,,,,,,,,,,,,,,,,,,,,,,,,,,,,,,,,,4944.894180266667,,,,,,,,,,,,,,,,,,,,,,,,,3247.7292501428574,5205.978965718581,5258.023834895238,,5497.275149771428,,,,,,,,,,,,,
,,,,,,,,,,,,,,,,,,,,,,,,,,,,,,,,,,,,,,,,,,,,,,,,,,,,,,,,,,,,,,,,,,,,,,,,,,,,,,,,,,4951.362663814286,,5542.295603224751,5510.234075989567,5460.363505357143,5289.226869930526,,4677.9935389071425,4773.630756295238,,5591.632433180953,5839.801997714286,,,,,,,,,,,,,,,,,,,,,,,,,,,,,,,,,,,,,,,,,,,,,,,,,,,,,,,,,,,10203.963982714286,8968.538676042857,8968.538676042857,8745.499858228572,7688.026662771428,7557.173025969069,4984.558370871429,,,,,,,,,,,,,,,,,,,,,,,,,,,,,,,,,,,,,,,,,,,,,,,,,,,,,,,,,,,,,,,,,,,,,,,4999.1743911428575,4896.201638157144,,,,,,,,,,,,3916.5153980428568,,,,,,,,,,,4813.129794128572,5520.65735013378,5729.726034694296,6198.926699185714,7631.090244821429,,,,,,,,,,,,,,
,,,,,,,,,,,,,,,,,,,,,,,,,,,,,,,,,,,,,,,,,,,,,,,,,,,,,,,,,,,,,,,,,,,,,,,,,,,,,,,6359.580335599415,,,,,5842.7747475999995,4481.585605485715,5359.375126759893,5483.980351671429,5430.652521777143,5042.71967187619,5586.953104657144,,,,,,,,,,,,,,,,,,,,,,,,,,,,,,,,,,,,,,,,,,,,,,,,,,,,,,,,,,,,,6108.498859819462,7478.810841633277,,,3809.0174591200002,3624.8556037,,,,,,,,,,,,,,,,,,,,,,,,,,,,,,,,,,,,,,,,,,,,,,,,,,,,,,,,,,,,,,,,,,,,,,,,,5126.969605674286,5536.994391300001,5630.223130771428,5470.135044333333,,,,,,,,,,,,5430.278175495238,,4593.261909525714,,,,5054.417993185714,,5360.6112314142865,5929.2322234428575,5907.448572891429,8345.518090977668,8058.662512411429,,,,,,,,,,,,,,,
,,,,,,,,,,,,,,,,,,,,,,,,,,,,,,,,,,,,,,,,,,,,,,,,,,,,,,,,,,,,,,,,,,,,,,,,,,,,,,5619.367184870415,,,,,,7720.892064285714,4497.770577085715,,5696.655833078571,5674.748317948571,5650.206616114286,,,,,,,,,,,,,,,,,,,,,,,,,,,,,,,,,,,,,,,,,,,,,,,,,,,,,,,,,,,,,,,,,,,,,,,,,,,,,,,,,,,,,,,,,,,,,,,,,,,,,,,,,,,,,,,,,,,,,,,,,,,,,,,,,,,,,,,,,,,,,,,,,,,,,,,,,,,,5886.485181104762,,5508.61564007619,,5957.968805671429,5957.968805671429,,6471.784846995946,6720.231295427797,8033.361107828573,,,,,,,,,,,,,,,,,
,,,,,,,,,,,,,,,,,,,,,,,,,,,,,,,,,,,,,,,,,,,,,,,,,,,,,,,,,,,,,,,,,,,,,,,,,,,,,,9092.568407385714,,,,,,,,4908.918401557143,,5485.879608542858,5480.23138376,,,,,,,,,,,,,,,,,,,,,,,,,,,,,,,,,,,,,,,,,,,,,,,,,,,,,,,,,,,,,,,,,,,,,,,,,,,,,,,,,,,,,,,,,,,,,,,,,,,,,,,,,,,,,,,,,,,,,,,,,,,,,,,,,,,,,,,,,,,,,,,,,,,,,,,,,,,,,,,5679.240473331428,6388.340412737142,6388.340412737142,6612.982882711068,,,,,,,,,,,,,,,,,,,,
,,,,,,,,,,,,,,,,,,,,,,,,,,,,,,,,,,,,,,,,,,,,,,,,,,,,,,,,,,,,,,,,,,,,,,,,,,,,,5886.65033387619,,,5999.339574914286,,,,,4418.166941257143,,,,,,,,,,,,,,,,,,,,,,,,,,,,,,,,,,,,,,,,,,,,,,,,,,,,,,,,,,,,,,,,,,,,,,,,,,,,,,,,,,,,,,,,,,,,,,,,,,,,,,,,,,,,,,,,,,,,,,,,,,,,,,,,,,,,,,,,,,,,,,,,,,,,,,,,,,,,,,,,,,,,,,,,,,,,,,,,,,,,,,,,,,
,,,,,,,,,,,,,,,,,,,,,,,,,,,,,,,,,,,,,,,,,,,,,,,,,,,,,,,,,,,,,,,,,,,,,,,,,,,,,,,,,,,,,,,,,,,,,,,,,,,,,,,,,,,,,,,,,,,,,,,,,,,,,,,,,,,,,,,,,,,,,,,,,,,,,,,,,,,,,,,,,,,,,,,,,,,,,,,,,,,,,,,,,,,,,,,,,,,,,,,,,,,,,,,,,,,,,,,,,,,,,,,,,,,,,,,,,,,,,,,,,,,,,,,,,,,,,6464.265958977468,,,,,,,,,,,,,,,,,,
,,,,,,,,,,,,,,,,,,,,,,,,,,,,,,,,,,,,,,,,,,,,,,,,,,,,,,,,,,,,,,,,,,,,,,,,,,,,,,,,,,,,,,,,,,,,,,,,,,,,,,,,,,,,,,,,,,,,,,,,,,,,,,,,,,,,,,,,,,,,,,,,,,,,,,,,,,,,,,,,,,,,,,,,,,,,,,,,,,,,,,,,,,,,,,,,,,,,,,,,,,,,,,,,,,,,,,,,,,,,,,,,,,,,,,,,,,,,,,,,,,,,,,,,,,,,,,,,,,,,,,,,,,,,,,,
,,,,,,,,,,,,,,,,,,,,,,,,,,,,,,,,,,,,,,,,,,,,,,,,,,,,,,,,,,,,,,,,,,,,,,,,,,,,,,,,,,,,,,,,,,,,,,,,,,,,,,,,,,,,,,,,,,,,,,,,,,,,,,,,,,,,,,,,,,,,,,,,,,,,,,,,,,,,,,,,,,,,,,,,,,,,,,,,,,,,,,,,,,,,,,,,,,,,,,,,,,,,,,,,,,,,,,,,,,,,,,,,,,,,,,,,,,,,,,,,,,,,,,,,,,,,,,,,,,,,,,,,,,,,,,,
,,,,,,,,,,,,,,,,,,,,,,,,,,,,,,,,,,,,,,,,,,,,,,,,,,,,,,,,,,,,,,,,,,,,,,,,,,,,,,,,,,,,,,,,,,,,,,,,,,,,,,,,,,,,,,,,,,,,,,,,,,,,,,,,,,,,,,,,,,,,,,,,,,,,,,,,,,,,,,,,,,,,,,,,,,,,,,,,,,,,,,,,,,,,,,,,,,,,,,,,,,,,,,,,,,,,,,,,,,,,,,,,,,,,,,,,,,,,,,,,,,,,,,,,,,,,,,,,,,,,,,,,,,,,,,,
,,,,,,,,,,,,,,,,,,,,,,,,,,,,,,,,,,,,,,,,,,,,,,,,,,,,,,,,,,,,,,,,,,,,,,,,,,,,,,,,,,,,,,,,,,,,,,,,,,,,,,,,,,,,,,,,,,,,,,,,,,,,,,,,,,,,,,,,,,,,,,,,,,,,,,,,,,,,,,,,,,,,,,,,,,,,,,,,,,,,,,,,,,,,,,,,,,,,,,,,,,,,,,,,,,,,,,,,,,,,,,,,,,,,,,,,,,,,,,,,,,,,,,,,,,,,,,,,,,,,,,,,,,,,,,,
,,,,,,,,,,,,,,,,,,,,,,,,,,,,,,,,,,,,,,,,,,,,,,,,,,,,,,,,,,,,,,,,,,,,,,,,,,,,,,,,,,,,,,,,,,,,,,,,,,,,,,,,,,,,,,,,,,,,,,,,,,,,,,,,,,,,,,,,,,,,,,,,,,,,,,,,,,,,,,,,,,,,,,,,,,,,,,,,,,,,,,,,,,,,,,,,,,,,,,,,,,,,,,,,,,,,,,,,,,,,,,,,,,,,,,,,,,,,,,,,,,,,,,,,,,,,,,,,,,,,,,,,,,,,,,,
,,,,,,,,,,,,,,,,,,,,,,,,,,,,,,,,,,,,,,,,,,,,,,,,,,,,,,,,,,,,,,,,,,,,,,,,,,,,,,,,,,,,,,,,,,,,,,,,,,,,,,,,,,,,,,,,,,,,,,,,,,,,,,,,,,,,,,,,,,,,,,,,,,,,,,,,,,,,,,,,,,,,,,,,,,,,,,,,,,,,,,,,,,,,,,,,,,,,,,,,,,,,,,,,,,,,,,,,,,,,,,,,,,,,,,,,,,,,,,,,,,,,,,,,,,,,,,,,,,,,,,,,,,,,,,,
,,,,,,,,,,,,,,,,,,,,,,,,,,,,,,,,,,,,,,,,,,,,,,,,,,,,,,,,,,,,,,,,,,,,,,,,,,,,,,,,,,,,,,,,,,,,,,,,,,,,,,,,,,,,,,,,,,,,,,,,,,,,,,,,,,,,,,,,,,,,,,,,,,,,,,,,,,,,,,,,,,,,,,,,,,,,,,,,,,,,,,,,,,,,,,,,,,,,,,,,,,,,,,,,,,,,,,,,,,,,,,,,,,,,,,,,,,,,,,,,,,,,,,,,,,,,,,,,,,,,,,,,,,,,,,,
,,,,,,,,,,,,,,,,,,,,,,,,,,,,,,,,,,,,,,,,,,,,,,,,,,,,,,,,,,,,,,,,,,,,,,,,,,,,,,,,,,,,,,,,,,,,,,,,,,,,,,,,,,,,,,,,,,,,,,,,,,,,,,,,,,,,,,,,,,,,,,,,,,,,,,,,,,,,,,,,,,,,,,,,,,,,,,,,,,,,,,,,,,,,,,,,,,,,,,,,,,,,,,,,,,,,,,,,,,,,,,,,,,,,,,,,,,,,,,,,,,,,,,,,,,,,,,,,,,,,,,,,,,,,,,,
,,,,,,,,,,,,,,,,,,,,,,,,,,,,,,,,,,,,,,,,,,,,,,,,,,,,,,,,,,,,,,,,,,,,,,,,,,,,,,,,,,,,,,,,,,,,,,,,,,,,,,,,,,,,,,,,,,,,,,,,,,,,,,,,,,,,,,,,,,,,,,,,,,,,,,,,,,,,,,,,,,,,,,,,,,,,,,,,,,,,,,,,,,,,,,,,,,,,,,,,,,,,,,,,,,,,,,,,,,,,,,,,,,,,,,,,,,,,,,,,,,,,,,,,,,,,,,,,,,,,,,,,,,,,,,,
,,,,,,,,,,,,,,,,,,,,,,,,,,,,,,,,,,,,,,,,,,,,,,,,,,,,,,,,,,,,,,,,,,,,,,,,,,,,,,,,,,,,,,,,,,,,,,,,,,,,,,,,,,,,,,,,,,,,,,,,,,,,,,,,,,,,,,,,,,,,,,,,,,,,,,,,,,,,,,,,,,,,,,,,,,,,,,,,,,,,,,,,,,,,,,,,,,,,,,,,,,,,,,,,,,,,,,,,,,,,,,,,,,,,,,,,,,,,,,,,,,,,,,,,,,,,,,,,,,,,,,,,,,,,,,,
,,,,,,,,,,,,,,,,,,,,,,,,,,,,,,,,,,,,,,,,,,,,,,,,,,,,,,,,,,,,,,,,,,,,,,,,,,,,,,,,,,,,,,,,,,,,,,,,,,,,,,,,,,,,,,,,,,,,,,,,,,,,,,,,,,,,,,,,,,,,,,,,,,,,,,,,,,,,,,,,,,,,,,,,,,,,,,,,,,,,,,,,,,,,,,,,,,,,,,,,,,,,,,,,,,,,,,,,,,,,,,,,,,,,,,,,,,,,,,,,,,,,,,,,,,,,,,,,,,,,,,,,,,,,,,,
,,,,,,,,,,,,,,,,,,,,,,,,,,,,,,,,,,,,,,,,,,,,,,,,,,,,,,,,,,,,,,,,,,,,,,,,,,,,,,,,,,,,,,,,,,,,,,,,,,,,,,,,,,,,,,,,,,,,,,,,,,,,,,,,,,,,,,,,,,,,,,,,,,,,,,,,,,,,,,,,,,,,,,,,,,,,,,,,,,,,,,,,,,,,,,,,,,,,,,,,,,,,,,,,,,,,,,,,,,,,,,,,,,,,,,,,,,,,,,,,,,,,,,,,,,,,,,,,,,,,,,,,,,,,,,,
